participant_id,week,date,prompt_text,journal_response_text,behavioral_domain_category,signal_before,signal_after,signal_change,behavioral_improvement,n_features_total,n_features_improved,baseline_imputed,prompt_type
t0002@sreflect,1.0,2024-02-01,Your mobile trends show less phone use and decreased social engagement. Could this be a purposeful digital detox? How has it impacted your social life?,I've been really busy recently so I have not been on my phone as much. I do not think it has impacted my social life a lot because I am really busy with work and classes anyways. I wish I could use my phone even less so that I could be more efficient with my work and have enough time to spend with other people or by myself.,digital_habits,0.0,0.0,0.0,no,5,0,yes,REFLECTIVE
t0002@sreflect,1.0,2024-02-02,You've embraced more face-to-face chats and less screen time. How's this new social rhythm shaping your day?,"I've been traveling with my partner today so I had less time to check my phone. I hope this habit translates to other days as well. I had a good time being present in my social interactions today. I visited the central park zoo for the first time and did not even think about checking my phone once, so maybe all you need is to find something of interest around you to stay off your phone.",social_interaction,0.8052,0.2764,-0.5288,no,16,4,no,REFLECTIVE
t0002@sreflect,1.0,2024-02-04,"Seeing your digital habits improve, envision how this will boost your in-person interactions next week.",I hope to be more productive next week by spending less time on my phone. It is also my birthday week and I hope to spend more time with my friends by finishing my work earlier. Spending less time on my phone hopefully will allow me to spend meaningful time with the people in my life that I care about.,digital_habits,-0.3868,0.1617,0.5485,no,5,1,no,REDIRECTIVE
t0002@sreflect,1.0,2024-02-05,You've upped your social game—how has this refreshed your outlook or energy levels?,"I do not know if I ""upped"" my social game today. I did catch up with some friends, but I also had an argument with my partner even though I'm so tired of having them at this point. Just because I interacted more with people does not mean those interactions were actually higher quality after all.",social_interaction,-0.0554,0.4827,0.5381,yes,16,6,no,REFLECTIVE
t0002@sreflect,1.0,2024-02-07,Your screen interactions have gone up recently. Can you identify a positive interaction you had online today?,"I did not really have a positive online interaction today. My screen time went up because that's how I procrastinate on assignments. That's one ways I can let my mind of things, but of course it is a bad habit because it only makes me more stressed at the end of the day. My screen time also went up because my partner who has been visiting me the past two weeks have just left, which is why I get less social interactions now. I also try to distract myself from how much I miss him by being online.",social_interaction,0.4017,0.0846,-0.3171,no,16,4,no,REFLECTIVE
t0002@sreflect,2.0,2024-02-08,You've been cozy in your dorm more lately. How about starting your day with a stretch or a short walk to mix things up?,"It has been really tough to get out of bed lately. Also I'm pretty much busy all day so I'm not motivated to keep my mornings busy. I feel like I'm constantly sucked into things I do not want to be a part of. I feel like I am losing control and staying in during the mornings do not necessarily help, but at least I can rest.",physical_fitness,-0.03,0.1684,0.1984,yes,5,2,no,REDIRECTIVE
t0002@sreflect,2.0,2024-02-11,Your texts are up; calls are down. How does swapping out calls for texts align with your social goals this week?,"Not much. I do not usually call people anyways. My social goal is to spend less time on social media, but I'm not doing a great job with that so I don't know. I really don't feel like writing anymore, so I won't.",digital_habits,0.124,0.4263,0.3023,no,5,0,no,REDIRECTIVE
t0002@sreflect,2.0,2024-02-13,Your gym time has spiked! How does this commitment to fitness influence your daily routine and mood?,"I'm sad because I'm not as strong as I once was. I had to take a 2-month break from training due to a foot injury and I find it super hard to get back into it, especially because I struggle so much with my body image, but hopefully I will feel better soon.",physical_fitness,0.2896,0.4314,0.1419,yes,5,2,no,REFLECTIVE
t0002@sreflect,2.0,2024-02-14,Reflect on a calming activity to try before sleep that might improve your rest.,"I can try doing some light reading, or journaling maybe, but I do not have time for these things or I find them too boring. I feel like I have to keep myself constantly occupied to escape negative thoughts and feelings.",sleep,0.6184,0.5432,-0.0752,no,1,0,no,REDIRECTIVE
t0002@sreflect,3.0,2024-02-15,Your digital use has gone up recently. How do you feel it has impacted your in-person social connections and overall wellbeing?,"I scroll on Instagram a lot because I procrastinate on my work. It makes me feel worse about myself, as I feel like I am losing control over my life.",digital_habits,0.4263,0.5589,0.1326,no,5,2,no,REFLECTIVE
t0002@sreflect,3.0,2024-02-18,"Noticed your time at the gym is up. What new workout or routine inspired this change, and how does it feel integrating it?","I have been working out before, but I had to take a break because of a foot injury. It is nice to get back into it, but I feel disheartened because I've gotten so much weaker and it feels difficult to get back on the same level.",physical_fitness,0.4973,0.166,-0.3313,no,5,0,no,REFLECTIVE
t0002@sreflect,3.0,2024-02-20,I see you've been visiting new places but your calls and texts have dropped. Can you share what's drawing you to these spots and how it's impacting you?,"I've been participating in an initiation ritual for a secret society, so that explains why I have been around campus so much. I've also been really busy with my on campus jobs so I have not been able to call people as often. Some of these changes are welcome, but also stressful.",digital_habits,0.2731,-0.0527,-0.3258,yes,5,5,no,REFLECTIVE
t0002@sreflect,4.0,2024-02-22,You're swapping screen-time for face-time and the gym. How does this change impact your sense of connection and well-being?,"I feel better and accomplished that my screen time is down because that has been a goal of mine. I wish I could spend more time reading or doing stuff other than work, but I feel more productive at work too.",social_interaction,0.1915,0.0662,-0.1253,no,16,6,no,REFLECTIVE
t0002@sreflect,4.0,2024-02-25,You've been favoring texts over face-to-face chats. In what ways has this shift made your conversations more meaningful or perhaps less engaging this past week?,"I have been really busy past week with work, so I did not have time to spend with friends face-to-face, so I tried to stay connected with them through texts. I hope it worked, but also I want to spend more time with them in person.",social_interaction,0.0699,0.0993,0.0294,yes,16,8,no,REFLECTIVE
t0002@sreflect,4.0,2024-02-26,Your screen time has spiked while social app interaction dipped. Could tweaking your digital habits enhance your overall wellness next week?,Not really. I am trying to cut my screen time but it is difficult because I am really stressed throughout the day and need an outlet to let out any emotions,digital_habits,0.1982,0.1233,-0.0749,yes,5,2,no,REDIRECTIVE
t0002@sreflect,4.0,2024-02-28,"Curious, with gym time up but overall activity less, how might incorporating a quick outdoor walk boost your day and connections?","It is too muddy to be walking outside. Plus, I walk enough all day because I live quite far away from my classes.",physical_fitness,-0.0828,0.2564,0.3392,yes,5,2,no,REDIRECTIVE
t0002@sreflect,5.0,2024-02-29,"With gym visits up but running down, consider trying a new sport this week for fun. How do you feel about that?",I feel like I do not have enough time to try a new sport because finals are starting.,physical_fitness,0.0536,0.1452,0.0916,yes,5,2,no,REDIRECTIVE
t0003@sreflect,1.0,2024-02-01,Your social interactions have lessened recently. Can you think of a person you haven't caught up with in a while to reconnect with? How might that feel?,"Yes, I think it would be great because we'd catch up on many developments. Anyways, I'm currently busy, unfortunately.",social_interaction,0.0,0.0,0.0,no,16,0,yes,REDIRECTIVE
t0003@sreflect,1.0,2024-02-02,Recent trends show a noteworthy increase in your in-person connections. Reflect on how these face-to-face interactions contribute to your mood.,It refreshes my mind and prepares me to solve my research problems with a new perspective. It really improves my motivation.,social_interaction,0.3684,0.4445,0.0762,yes,16,4,no,REFLECTIVE
t0003@sreflect,1.0,2024-02-04,You've been connecting less on calls and spending more time in your dorm. What's one new hobby you could explore there to boost your joy?,"I'm already enjoying my hobby, which is coding. It's just that I can't figure out some big that's bothering me 😔",digital_habits,0.1091,0.3649,0.2558,no,5,1,no,REDIRECTIVE
t0003@sreflect,1.0,2024-02-05,"Social interactions are blooming! With your trend in meaningful conversations growing, explore one insightful topic you discussed recently and its impact on you.","I had fruitful discussions with various people today. Through exchanging ideas, I got new insights that might help me with solving my coding problems.",social_interaction,-0.0486,0.0666,0.1151,yes,16,7,no,REFLECTIVE
t0003@sreflect,1.0,2024-02-06,Your in-person interactions have taken an upbeat turn! Reflect on how diversifying your hangout spots improved these encounters.,"It allowed me to take a break from research work, and in the process, I gained new insults that are useful to my work.",social_interaction,0.2844,0.1856,-0.0988,no,16,6,no,REFLECTIVE
t0003@sreflect,1.0,2024-02-07,You've been more focused offline lately. How has decreasing screen time opened up new ways for you to relax or engage with hobbies?,It has allowed me to think and internalize concepts more intently. It's great for my research work indeed 😁,digital_habits,0.4358,0.5934,0.1576,no,5,0,no,REFLECTIVE
t0003@sreflect,2.0,2024-02-08,Your running has really picked up! How does integrating more dynamic movement shape your day and mood?,"It keeps my blood flowing, which is good for my overall health. Though I think I need to work out a little more.",physical_fitness,-0.3605,-0.169,0.1914,yes,5,2,no,REFLECTIVE
t0003@sreflect,2.0,2024-02-10,"Reflecting on recent changes, how can swapping digital chatter for real-world convos enhance your well-being?",I feel connected to way more people and less stressed as a result. I think it's been a great thing to do.,social_interaction,0.1856,-0.1488,-0.3345,no,16,4,no,REDIRECTIVE
t0003@sreflect,2.0,2024-02-13,Your increased running and walking activity is impressive! How do these changes in your fitness routine contribute to your overall well-being?,"It helps me refresh my mind, and to come up with new ideas for my research. It's always nice interacting with people.",physical_fitness,-0.2018,0.0368,0.2386,yes,5,2,no,REFLECTIVE
t0003@sreflect,2.0,2024-02-14,"Your social interaction via calls and texts has dropped, but in-person chat is up. How's this affecting your social vibes?","Great! I enjoy talking to people physically rather than virtually. if I had opportunities to talk to people more often, I would probably forget about my virtual friends. So, I feel so positive.",social_interaction,-0.1488,0.4262,0.5751,yes,16,7,no,REFLECTIVE
t0003@sreflect,3.0,2024-02-16,You've embraced more in-person connections lately. How has this shift to face-to-face interactions enhanced your friendships?,It helps me create more personal connections with people and keeps my mind off the stresses of work.,social_interaction,-0.3025,0.2816,0.5842,yes,16,9,no,REFLECTIVE
t0003@sreflect,3.0,2024-02-18,Your decreased screen time suggests more space for other activities. Could you pinpoint how this has influenced your social interactions this past week?,"My interactions are richer and diverse now. It has also helped me focus on my work more, which is great!",social_interaction,0.4262,-0.0653,-0.4915,no,16,3,no,REFLECTIVE
t0003@sreflect,3.0,2024-02-19,Your phone calls have dwindled recently. How have changes in your communicative behavior touched your daily interactions or mood?,"I'm currently busy with paper submissions. So, I haven't had a chance to interact much on social media. However, I've engaged in more in person conversations than usual, which is great!",digital_habits,0.08,0.0994,0.0194,no,5,2,no,REFLECTIVE
t0003@sreflect,3.0,2024-02-20,Your recent calls show a shift towards outgoing more than incoming. Has initiating conversations affected your relationships or wellbeing?,"Indeed, I got to connect with my brothers and discussed various things transpiring at home. I think it's affected me very positively.",social_interaction,0.2816,-0.1094,-0.3911,no,16,1,no,REFLECTIVE
t0003@sreflect,4.0,2024-02-22,You're moving around less but running more. How is this changing your energy levels or fitness goals?,It's refreshing to be active after a long day. It's helping me prepare my mind to do more research tonight.,physical_fitness,-0.2011,-0.0309,0.1701,yes,5,3,no,REFLECTIVE
t0003@sreflect,4.0,2024-02-25,Your call and message logs show less reaching out. How can you maintain your social ties this week?,"I'm quite busy with a paper submission and my girlfriend, who I reach out to on a daily basis has traveled abroad.",social_interaction,-0.2581,-0.118,0.1401,yes,16,6,no,REDIRECTIVE
t0003@sreflect,4.0,2024-02-26,"Seeing more incoming calls lately, what new connections have you made, and how has this affected your daily routine?","Yes, a few connections from my people from the past. It was nice catching up with them and reinforcing our connections.",digital_habits,0.0561,0.3815,0.3255,no,5,0,no,REFLECTIVE
t0003@sreflect,4.0,2024-02-27,Your screen use is up lately. Reflect on how prioritizing screen time over sleep has influenced your day.,I've been working a lot to meet a paper submission deadline. I definitely need some sleep but I think it'll have to wait for now.,digital_habits,-0.0493,0.2482,0.2975,no,5,0,no,REFLECTIVE
t0003@sreflect,5.0,2024-02-29,You've been reaching out more on calls and texts. How are these chats shaping your days?,It's been mostly customer calls. But I have real good in person chats that have helped me gain clarity on some of my ideas.,digital_habits,0.2227,-0.2122,-0.4349,yes,5,3,no,REFLECTIVE
t0003@sreflect,5.0,2024-03-05,Your sleep schedule's been versatile; did this affect your wakefulness or daily focus?,"Not really. I have been having great sleep actually. Perhaps I need to stay up a little more so that I get going with my work. Otherwise, everything is great.",sleep,-0.5094,-0.7851,-0.2757,no,1,0,no,REFLECTIVE
t0003@sreflect,5.0,2024-03-06,You've been choosing texts and calls over face-to-face chats. How do you feel this shift is affecting your interactions?,I've been quite busy throughout the day. Abd u haven't been talking to my girlfriend very often. it's helping me concentrate on my work though.,social_interaction,-0.1983,-0.15,0.0483,yes,16,7,no,REFLECTIVE
t0003@sreflect,6.0,2024-03-08,"Despite a full plate with the academic term, you've kept up a decent mood. Reflecting on your digital habits, what's one change you'll make to enrich your in-person connections?",I would like to make less digital connections and more physical connections going forward. Physical interactions bring new perspectives that I need at the moment.,social_interaction,-0.0054,-0.1757,-0.1704,no,16,5,no,REDIRECTIVE
t0003@sreflect,6.0,2024-03-11,You've embraced texting more lately. How has this shift impacted your social dynamics and feelings?,"Not much. My texting depends on whether the person I text often is traveling or not. if they're traveling, I tend to text them more than when they're not. Otherwise, my routine remains the same and I'm not affected by it.",digital_habits,0.2182,0.1974,-0.0208,yes,5,1,no,REFLECTIVE
t0004@sreflect,1.0,2024-02-02,Noticed you're texting less. How have recent in-person conversations impacted your day?,"In general? They have boosted my self-esteem a lot. I think the times that I am upset are when people choose other people to talk to and I sit essentially in silence, unattended to.",digital_habits,-1.4301,-0.5257,0.9044,no,5,0,no,REFLECTIVE
t0004@sreflect,1.0,2024-02-04,"While connecting more in real life, how has your digital downtime affected your sleep recently?","Although spending more time with others has meant fewer hours of sleep, I feel as if my sleep quality is improved.",sleep,2.5482,0.1171,-2.4311,no,1,0,no,REFLECTIVE
t0004@sreflect,1.0,2024-02-05,"With your sleep start time increasing, consider adjusting your evening routine for better rest. What change could you make tonight?","I could probably find ways to stop the scroll, but I just feel so mentally exhausted that I fall into traps of doomscrolling.",sleep,0.8941,0.2675,-0.6266,no,1,0,no,REDIRECTIVE
t0004@sreflect,1.0,2024-02-06,You've been walking more yet traveling less distance. How might short but frequent walks benefit you?,They benefit me by giving me the opportunity to take breaks from work and rejuvenate my mind.,physical_fitness,-0.1187,-0.0531,0.0655,yes,5,1,no,REDIRECTIVE
t0004@sreflect,1.0,2024-02-07,You're reaching out more but spending less time in dialogue. How could this affect your social connections?,"This may make my connections feel less meaningful. My phone died, so that may reflect poorly on my social interaction.",social_interaction,0.5816,0.1443,-0.4373,no,16,2,no,REDIRECTIVE
t0004@sreflect,2.0,2024-02-08,Your screen time and unlocks have spiked. What offline activity could reduce your digital footprint while maintaining productivity?,I can go on more nature walks! And try to have in person conversations with friends,digital_habits,-0.3887,-0.3942,-0.0055,yes,5,2,no,REDIRECTIVE
t0004@sreflect,2.0,2024-02-09,Your walk time is up! What's the most refreshing route you've taken recently?,I liked walking around Occom Pond this evening. Very calm and quiet.,physical_fitness,-0.1262,-0.1854,-0.0592,no,5,0,no,REFLECTIVE
t0004@sreflect,2.0,2024-02-12,Your in-person social interactions are up! Can you draw parallels in how this shift corresponds with your sleep pattern changes?,I don't think that there is a profound impact on sleep schedule from social interaction. I think they both point to overall business right now.,sleep,0.1422,0.0169,-0.1253,no,1,0,no,REFLECTIVE
t0004@sreflect,2.0,2024-02-13,Your recent trend shows less walking and travel. Share one thing you'll do this week to introduce a bit more motion in your routine.,I actually have been travelling more than usual this week.,physical_fitness,-0.1854,-0.179,0.0064,yes,5,1,no,REDIRECTIVE
t0004@sreflect,3.0,2024-02-15,"Despite more screen time, I noticed you're connecting less through calls. What's one new way you'll spark a convo with someone this week?",I think I'll call my sister at some point. She is a joy to talk to.,social_interaction,0.3539,0.4331,0.0792,yes,16,6,no,REDIRECTIVE
t0004@sreflect,3.0,2024-02-16,You've been texting more but visiting new places too. Any cool spots you've discovered? How does exploring new scenery impact your well-being?,"I don't think there was anything especially new, but I definitely visited a variety of places. I sat at a table overlooking the library lobby today, and it freshened my day with a new perspective of my surroundings. I think that getting new perspectives and embracing the spontaneity of life brings regular small joys that make life itself a joy.",digital_habits,-0.3487,-0.471,-0.1223,yes,5,3,no,REFLECTIVE
t0004@sreflect,3.0,2024-02-20,Reflect on how your current digital habits are contributing to better sleep and how you might further enhance this balance.,I think that leaving my phone on the other side of the room keeps me from using it late into the night. I would benefit from keeping my phone notifications off and emotionally disconnecting as well.,sleep,0.5683,0.443,-0.1253,no,1,0,no,REDIRECTIVE
t0004@sreflect,4.0,2024-02-22,Consider the impact of less walking and more screen time on your well-being. Could increasing movement lighten your mood?,I think that more walking means more visiting with other people. Maybe I should walk more so that I can see Brooke Medley more often. :),physical_fitness,-0.1397,-0.0489,0.0908,yes,5,2,no,REDIRECTIVE
t0004@sreflect,4.0,2024-02-23,"Noticing your in-person conversations have picked up, how are those discussions shaping your day?",They are very fun and helpful! I enjoy talking to many people throughout the day.,social_interaction,0.503,0.4634,-0.0396,no,16,5,no,REFLECTIVE
t0004@sreflect,4.0,2024-02-25,Your phone unlocks are down from last week. How has this shift impacted your focus or free time?,"This has helped me get work done and enjoy more activities! That doesn't mean I don't procrastinate, though...",digital_habits,-0.3729,-0.403,-0.0301,yes,5,3,no,REFLECTIVE
t0004@sreflect,4.0,2024-02-26,Your in-person social interactions are blossoming! How do you feel these quality connections contrast with digital chatting?,I feel like having in-person conversations leaves me a lot more fulfilled than digital conversations ever could.,social_interaction,0.3013,0.2035,-0.0978,no,16,6,no,REFLECTIVE
t0004@sreflect,4.0,2024-02-27,You've been walking more lately! How does this boost in physical activity affect your daily energy levels?,I think that walking to more places throughout the day makes me feel generally happier than when I stay inside.,physical_fitness,-0.0374,-0.0747,-0.0374,no,5,1,no,REFLECTIVE
t0004@sreflect,4.0,2024-02-28,"Noticing a drop in call durations, how might refocusing that time improve your sleep routine?","I think that, in general, I don't call frequently enough for there to be an impact on my sleep.",sleep,0.3176,0.0921,-0.2256,no,1,0,no,REDIRECTIVE
t0004@sreflect,5.0,2024-02-29,Your walking has increased but gym time has dipped. Could outdoor activities be a new fitness focus for you?,"I definitely prefer outdoor activities over gym activities, so it may very well be that that is my focus during the spring.",physical_fitness,-0.007,-0.2241,-0.2171,no,5,0,no,REDIRECTIVE
t0004@sreflect,5.0,2024-03-01,Your in-person conversations are growing! Which recent face-to-face chat left you feeling more connected?,I enjoyed having a conversation with my significant other! I enjoy being vulnerable around him and feeling loved.,social_interaction,0.2035,0.211,0.0075,yes,16,4,no,REFLECTIVE
t0004@sreflect,5.0,2024-03-02,Your in-person conversations are growing! Which recent face-to-face chat left you feeling more connected?,I had to have a conversation with my significant other about what we both we concerned about with our relationship and I think we both came out as better people.,social_interaction,-0.0077,0.2505,0.2582,yes,16,4,no,REFLECTIVE
t0004@sreflect,5.0,2024-03-04,You've been finding more time for face-to-face chats lately. How have these conversations impacted your day?,Having more face to face conversations brightens my day a lot. I feel like an actual human being when I get more interactions.,social_interaction,0.3712,0.3287,-0.0425,no,16,5,no,REFLECTIVE
t0004@sreflect,5.0,2024-03-05,You've been engaging more in in-person chats; think of one that sparked joy or insight.,I went to the jewelry studio and made jewelry with Isadora today and had a lot of fun!,social_interaction,0.3114,0.2478,-0.0635,no,16,4,no,REFLECTIVE
t0004@sreflect,6.0,2024-03-10,Noticed your screen time is down recently – what offline activities are filling the gap and how do they make you feel?,"I have simply been putting my attention to hanging out with friends, and it feels very rewarding.",digital_habits,0.0,0.0,0.0,no,5,0,yes,REFLECTIVE
t0004@sreflect,6.0,2024-03-11,"Your call pattern has shifted remarkably; what novel ways have you found to connect with friends, and how has it influenced your social wellness?",I called my sister today. It was good to hear from her.,social_interaction,-0.1655,0.349,0.5146,yes,16,9,no,REFLECTIVE
t0004@sreflect,6.0,2024-03-12,"You're moving around more, but with less gym time. How is this new approach to fitness positively affecting your daily routine?",I don't know that it is affecting my daily routine.,physical_fitness,-0.1855,-0.3629,-0.1774,no,5,0,no,REFLECTIVE
t0004@sreflect,6.0,2024-03-13,"With increased phone call interactions and fewer visits outside, how have your interactions enriched your sense of community?","I am in a transitional period where I am saying goodbye to people close, so naturally I am inclined to reach out to people far from me to fill the space.",digital_habits,-0.6514,-0.3612,0.2902,no,5,0,no,REFLECTIVE
t0005@sreflect,1.0,2024-02-02,"Noticing a dip in social interactions, can you think of a person you've lost touch with and reach out to rekindle that connection?","I have recently reached out to one of my friends in high school, but there is no one really left at Dartmouth I could catch up with except C and I don't think we have anything in common anymore . Also, I forgot her birthday and I don't remember enough to do anything now and it'd just be awkward.",social_interaction,0.0,0.0,0.0,no,16,0,yes,REDIRECTIVE
t0005@sreflect,1.0,2024-02-04,Your journal shows fewer calls and texts lately. Share one step you'll take next week to bump up your social connections.,I could try asking one of my housemates to get a meal with me or texting someone to check in. i don't really have anyone I can text that I'm not already texting. I could try to make better friends with people in my classes but I don't really know how I'd do that.,social_interaction,-0.314,-0.1462,0.1677,yes,16,6,no,REDIRECTIVE
t0005@sreflect,1.0,2024-02-06,What's a new hobby you might explore to balance your screen time and support your newfound activity levels?,"I could start actually journaling again. that is something that would probably be good for me. Or drawing , I think I made drawing unfun by being too much of a perfectionist about it. Journaling and doing it with nice handwriting so I enjoy it would be a good thing to bring back and also handwriting some of my stories. I enjoyed doing that in high school and I should get a new notebook for it. Also doing more yoga outside of just my yoga class would be good.",digital_habits,0.8737,0.8614,-0.0124,yes,5,2,no,REDIRECTIVE
t0005@sreflect,2.0,2024-02-09,"With conversations and social engagements up, how might including a gym buddy enhance your fitness routine and mood?",I don't know anyone who'd want to go to the gym with me and I don't really think I'd want to start going.,social_interaction,-0.2508,-0.1226,0.1282,yes,16,7,no,REDIRECTIVE
t0005@sreflect,2.0,2024-02-12,Notice you've been less chatty on calls but more adventurous in texting. How's swapping calls for messages helping your social vibe?,"Well, I typically don't call anyone except my boyfriend in the first place. Texting is good but sometimes it stresses me out especially with K. I don't know what he wants from me. I need to not think about him so much.",social_interaction,-0.0461,-0.079,-0.0329,no,16,6,no,REFLECTIVE
t0005@sreflect,2.0,2024-02-14,You're spending more time in face-to-face chats lately. How do these in-person conversations impact your daily mood?,"I usually really enjoy having face to face conversations with people. for the most part, I leave them feeling better. occasionally I get anxious about something and I feel worse, but for the most part I want to have more face to face conversations.",social_interaction,-0.1039,-0.1454,-0.0416,no,16,8,no,REFLECTIVE
t0005@sreflect,2.0,2024-02-15,You're texting more but meeting less. Could drafting a message bring a similar joy as a quick coffee chat with a friend?,"i don't think it's quite the same. I'd rather meet and talk to people in person but it's hard to figure out. having dinner with k today just kind of made me sad because of how disengaged he was, but that's not his fault. it still brought my energy down though.",social_interaction,-0.1098,-0.1623,-0.0525,no,16,7,no,REDIRECTIVE
t0005@sreflect,3.0,2024-02-18,"Your texts have been more frequent lately. What prompted this shift, and how do you feel about the change in your digital communication?",i think digital communication is good though sometimes it stresses me out with people I don't know well. it really made me feel good that k said he was happy to spend time with me and of course I always love hearing from b. I think it's weird I'm talking to p more again but I don't know.,digital_habits,0.7814,0.5792,-0.2022,yes,5,4,no,REFLECTIVE
t0005@sreflect,3.0,2024-02-19,"Your walking duration is up. What's motivating this change, and how does it align with your fitness goals?","i am just walking more because I need to walk around more places, though it probably is good exercise. i do like going on walks and it's something I should find time for more especially when the weather is good.",physical_fitness,0.1348,0.3407,0.2059,yes,5,4,no,REFLECTIVE
t0005@sreflect,3.0,2024-02-20,You've been spending more time at the gym lately. Reflect on how this shift is supporting your wellness journey.,i like taking the yoga class and it definitely has benefitted me this term and inspired me to do more yoga and calisthenics on my off term.,physical_fitness,0.1551,0.1982,0.0431,yes,5,3,no,REFLECTIVE
t0005@sreflect,3.0,2024-02-21,Your screen usage is down lately. How do you think this is shaping your social connections and personal downtime?,"I'm happy my screen usage is down, I'm trying to live more in the moment and put down my phone more.",social_interaction,-0.3861,-0.1855,0.2006,yes,16,10,no,REFLECTIVE
t0005@sreflect,3.0,2024-02-22,You've visited new spots recently. How did these locales influence your daily rhythm and interactions?,"I haven't visited new spots recently really except Rockefeller. i really like the natural light in there and noisiness, makes it a good study spot.",physical_fitness,0.3232,0.0145,-0.3086,no,5,0,no,REFLECTIVE
t0005@sreflect,4.0,2024-02-23,"Noticing you're at home more, has this been a space for reconnecting with personal interests or reflecting?",I've just really been tired lateky and needing rest and sad so I stay at home.,social_interaction,-0.282,-0.3713,-0.0894,no,16,6,no,REFLECTIVE
t0005@sreflect,4.0,2024-02-25,You've embraced more running lately. How has this energized you or fit into your routine?,i haven't done any running at all it makes my chest hurt.,physical_fitness,0.1266,0.1393,0.0127,yes,5,3,no,REFLECTIVE
t0005@sreflect,4.0,2024-02-26,You seem quieter on calls and texts lately. Could a catch-up with friends bring some cheer?,"yeah, but there's no one for me to catch up with except k and I don't want to bother him.",social_interaction,-0.2399,-0.2307,0.0092,yes,16,5,no,REDIRECTIVE
t0005@sreflect,4.0,2024-02-27,Your outgoing calls have spiked while in-person chatter dipped. Do you find phone conversations more rewarding these days?,"I don't think I've found phone conversations more rewarding, I've just been kind of isolated the past few days except for talking to brian.",digital_habits,1.0196,0.873,-0.1466,yes,5,3,no,REFLECTIVE
t0005@sreflect,4.0,2024-02-28,Your increased in-person conversations suggest you're quite the social butterfly! What’s one recent interaction that felt particularly meaningful?,"i liked talking to a today in lab and then my ekt initiation was nice, I don't feel awkward talking to people there.",social_interaction,-0.312,-0.1587,0.1533,yes,16,12,no,REFLECTIVE
t0005@sreflect,4.0,2024-02-29,You're dialing down the digital and ramping up the in-person rapport! Can you share how prioritizing face-to-face interactions lately has impacted your day-to-day life?,talking to people in person has been helpful. i like face to face conversations,social_interaction,-0.2462,-0.2065,0.0396,yes,16,9,no,REFLECTIVE
t0005@sreflect,5.0,2024-03-06,Your running has really picked up! How do you envision incorporating this momentum into your routine?,"I've just been walking more and that is enjoyable, I should continue going on regular walks and hikes in spring term.",physical_fitness,0.1185,0.0678,-0.0506,no,5,2,no,REFLECTIVE
t0005@sreflect,5.0,2024-03-07,Your running has really picked up! How do you envision incorporating this momentum into your routine?,I got the same question yesterday and I haven't been running. I've just gone on a couple walks.,physical_fitness,0.1429,0.0046,-0.1383,no,5,2,no,REFLECTIVE
t0005@sreflect,6.0,2024-03-08,Your running has really picked up! How do you envision incorporating this momentum into your routine?,I've gotten the same prompt 3 days in a row and I've never gone running. i just wander around campus.,physical_fitness,0.171,-0.1143,-0.2853,no,5,2,no,REFLECTIVE
t0005@sreflect,6.0,2024-03-11,"Even though you've spent more time at home, who have you managed to connect with recently, and how did that interaction uplift you?","my parents, I enjoy seeing them again and also Jasper the dog. I'm glad he likes me again now.",social_interaction,-0.1381,-0.3807,-0.2427,no,16,2,no,REFLECTIVE
t0006@sreflect,1.0,2024-02-04,Your in-person chat time has dipped lately. Reflect on how diversifying your interaction spaces could enhance your social life this week.,"Sunday is the day I take to rest and reset, so I have enough energy for my friend and family tomorrow. next week I plan on hanging out with a few new friends and getting to know them better, so I expect my social circle to diversify.",social_interaction,-0.0274,-0.341,-0.3136,no,16,2,no,REDIRECTIVE
t0006@sreflect,1.0,2024-02-05,"As your walking time has picked up, what new destinations have captured your interest, and how did these exploratory strolls benefit you?","walking helps me clear my head and get some fresh air. I also enjoy the company of friends while walking. When feeling overwhelmed with work or when I need a change of scene, I tend to take a light stroll which helps me a lot.",physical_fitness,-0.2561,-0.2025,0.0535,yes,5,1,no,REFLECTIVE
t0006@sreflect,1.0,2024-02-06,Consider experimenting with a sleep schedule tweak to wake up feeling more refreshed tomorrow. What's one change you could try tonight?,"I will try to finish up my work early tonight and go to bed soon. So, when I wake up tomorrow for class, I will get around 8 hours of sleep. This should help make me feel refreshed tomorrow for a new set of experiments I'm planning on doing tomorrow!",sleep,0.4179,0.0921,-0.3258,no,1,0,no,REDIRECTIVE
t0006@sreflect,1.0,2024-02-08,You've been moving more lately. How has the increase in walks influenced your daily energy levels?,"More walking keeps me energetic and busy. if I just sit in one place, I tend to get tired of my work and eventually get distracted. So taking a small walk around the lab or house helps me stay focused and more productive.",physical_fitness,-0.2002,-0.227,-0.0268,no,5,0,no,REFLECTIVE
t0006@sreflect,2.0,2024-02-09,"Your incoming calls are up, but in-person chat has dipped. Could you share how this shift has shaped your social life recently?",I only called 1 person for an urgent thing. But had regular conversations with my friends and family.,social_interaction,-0.4295,-0.337,0.0924,yes,16,6,no,REFLECTIVE
t0006@sreflect,2.0,2024-02-11,"While you've been exploring more locations, your in-person interactions have lessened dramatically. Could this be reshaping your engagement with others? How might you reconnect this coming week?","Over the weekend I tend to spend more time with myself. I remain mostly at home and only interact with close friends and room mates only. in the coming week, I plan on spending more time with my classmates and exploring more friendships.",social_interaction,-0.3709,-0.2333,0.1377,yes,16,5,no,REDIRECTIVE
t0006@sreflect,2.0,2024-02-12,"Your phone calls are up, yet in-person chit-chat took a nosedive. Found any new ways to merge screen time with real-time hangs?","I hung out with a lot more people  today than last week. But I am also virtually active and keeping up with my friends and family far and wide. so I feel, my screen time and real-time hang is pretty well balanced.",digital_habits,0.1288,0.3144,0.1856,no,5,1,no,REFLECTIVE
t0006@sreflect,2.0,2024-02-13,Your walks are getting longer! How is this new pace setting the rhythm for your days?,"Meeting new people ultimately means walking over to talk to them, so it has been pretty fun. I also get steps in so it's pretty healthy as well.",physical_fitness,-0.1383,-0.0,0.1383,yes,5,1,no,REFLECTIVE
t0006@sreflect,2.0,2024-02-14,Noticed you're using your phone more lately. How is this helping or hindering your connection with friends?,using my phone helps me keep connected to my friends in different states. it also helps me to chat with people when I'm stuck somewhere and can't meet them in person.,digital_habits,0.4094,0.2234,-0.186,yes,5,2,no,REFLECTIVE
t0006@sreflect,2.0,2024-02-15,"Your calls are up, but in-person chats have dipped. Has the balance shifted how you feel about socializing?","I feel my in-person chats have increased. I called only one person today, but met with 9-10 people today and talked a good amount with them. I've started to spend less time on social media and am actively socialising with people. it has helped me become less stressed and more happy.",social_interaction,-0.2333,-0.0792,0.154,yes,16,5,no,REFLECTIVE
t0006@sreflect,3.0,2024-02-16,"With in-person chats less frequent, how are you adapting to foster meaningful connections?",my in-person chats have only increased. so I'm having so many meaningful conversations with people.,social_interaction,0.0061,-0.1473,-0.1534,no,16,3,no,REFLECTIVE
t0006@sreflect,3.0,2024-02-18,Your increased phone calls suggest more chats. Could you share how one of these conversations positively impacted your week?,"I got to connect with a friend who lives very far from me, after a long time. it put me in a better mood. I was able to appreciate how some people just bring the best in you and make you happy.",digital_habits,0.2234,-0.0424,-0.2658,yes,5,4,no,REFLECTIVE
t0006@sreflect,3.0,2024-02-19,You’ve been texting more but having fewer calls. What's the coolest thing you've texted about recently?,Today I texted a friend the picture of a dog that I saw when I went for a walk. it led to such an interesting conversation with my friend.,digital_habits,0.2436,-0.0299,-0.2735,yes,5,4,no,REFLECTIVE
t0006@sreflect,3.0,2024-02-20,You're opting for calls over texts lately. How has this shift affected your social interactions?,"It hasn't affected my social interactions in any way. I have a good balance between calls and texts and in-person conversations. so if I text more in one day, I call or socialise more the next.",digital_habits,0.2854,0.068,-0.2174,yes,5,3,no,REFLECTIVE
t0006@sreflect,3.0,2024-02-21,"With screen time down, what non-digital activity brought you joy today?",Watching TV and reading books helped me enjoy my downtime.,digital_habits,0.3431,0.4542,0.1111,no,5,1,no,REFLECTIVE
t0006@sreflect,3.0,2024-02-22,Your texting has ramped up recently; what positive shifts have you noticed in your connections from this change?,I have made new friends and have a lot of lovely conversations with them regularly. It makes me happy to text people and connect with them.,digital_habits,-0.0424,0.3783,0.4207,no,5,0,no,REFLECTIVE
t0006@sreflect,4.0,2024-02-23,Your walks are getting longer. Reflect on a place you found particularly peaceful or invigorating during your strolls.,"today I went to the BEMA lights event. I found it very mesmerising and calming. I went with my closest friends, so it was an opportunity to spend time with them.",physical_fitness,-0.2194,-0.2689,-0.0495,no,5,0,no,REFLECTIVE
t0006@sreflect,4.0,2024-02-25,"Your social interactions over calls have shifted. This week, who did you enjoy a meaningful conversation with, and why was it special?","I enjoyed a meaningful conversation with my dad this week. I talked about my life in the US. It was very special because I got to connect with my dad after coming here, after a long time. I let happy and content!",social_interaction,-0.3535,-0.4336,-0.0801,no,16,1,no,REFLECTIVE
t0006@sreflect,4.0,2024-02-26,"Your social interactions over calls have shifted. This week, who did you enjoy a meaningful conversation with, and why was it special?",I had a meaningful conversation with a new person today! It helped me understand them better and make our bond stronger! it was special because they could confide in me even though we only met recently. some bonds are formed randomly and make way to our hearts!,social_interaction,-0.2116,-0.3902,-0.1786,no,16,1,no,REFLECTIVE
t0006@sreflect,4.0,2024-02-27,"With your screen time on the rise, reflect on one recent online interaction that made your day better.",I shared a video of a friend singing with many people. The video made me think about my home and friends and I was happy to share it with many people!,sleep,0.0169,1.3703,1.3534,yes,1,1,no,REFLECTIVE
t0006@sreflect,4.0,2024-02-28,Your patterns show a trend towards more face-to-face interactions. Can you share how this shift has impacted your social wellness recently?,Face to face interactions have helped me understand people better and read body language. it also opens more possibilities to meet new people and fun conversations!,social_interaction,-0.2389,-0.4088,-0.1699,no,16,1,no,REFLECTIVE
t0006@sreflect,5.0,2024-03-01,Seems like in-person chats are up! How does this shift reflect on your social interactions?,I've realised that in-person talks help me connect with the people more and convey my emotions properly. it helps me stay rooted and happy.,social_interaction,-0.3902,-0.3853,0.0049,yes,16,3,no,REFLECTIVE
t0006@sreflect,5.0,2024-03-03,Your outgoing calls have surged while time at home lessened. How has this influenced your social life recently?,I feel I've started balancing out my social life pretty well. I call people and text people and also spend time with people in real life.,digital_habits,-0.2296,-0.2322,-0.0027,yes,5,2,no,REFLECTIVE
t0006@sreflect,5.0,2024-03-04,"With a busy academic term, have you thought of a new routine to maintain your sleep schedule?","I plan to sleep at 11pm every night and wake up at 7am, so I get 8 hrs of sleep every night. I have plenty of time when at college to manage my work and studies. so I believe I have planned it out well",sleep,0.5683,1.3953,0.8271,yes,1,1,no,REDIRECTIVE
t0006@sreflect,5.0,2024-03-05,"Noticing more texts and fewer calls, what's one message you received that stood out and why?",A text I received today that stood out was a text from my best friend. His text made me smile during a stressful period of the day! Made me enjoy the little things in life.,digital_habits,0.1107,-0.0934,-0.2041,yes,5,4,no,REFLECTIVE
t0006@sreflect,5.0,2024-03-06,Noticed a dip in in-person chats recently. How might you re-engage with your pals face-to-face this week?,I plan to hangout with my friends during the weekend to connect more because I have been busy this week and need a break!,social_interaction,-0.3238,-0.3418,-0.018,no,16,5,no,REDIRECTIVE
t0006@sreflect,5.0,2024-03-07,Your running time has spiked impressively; what inspired this increase and how do you feel after those runs?,"I shifted from labs and so now I have to walk extra everyday!. I am enjoying the physical exercise and walking briskly to the lab. 
I feel fresh and energetic after the walks and get more work done!",physical_fitness,-0.1644,-0.0956,0.0688,yes,5,1,no,REFLECTIVE
t0006@sreflect,6.0,2024-03-08,Exploring new spots around town can be thrilling! Can you share how discovering these places influences your daily routine?,Walking around and finding new places keeps me excited. So I have something to look forward to everyday! I enjoy finding new things and exploring.,physical_fitness,-0.1288,-0.174,-0.0452,no,5,1,no,REFLECTIVE
t0006@sreflect,6.0,2024-03-10,"Noticing more calls coming in than out lately. Reflect on who's reaching out to you more, and how do those interactions boost your week?",The only people who call me are my parents and closest friends. During weekends I talk to them more as I have more time in hand. it helps me catch up with their lives and them with mine. and I enjoy the conversations every week.,social_interaction,-0.3857,-0.2329,0.1528,yes,16,3,no,REFLECTIVE
t0006@sreflect,6.0,2024-03-11,Your walks are on the upswing! What's one new thing you noticed on your route that made your day a little brighter?,I saw 2 puppies playing around at the green today! they were so cute and fun to watch. I loved watching them enjoying their time!,physical_fitness,-0.0956,-0.1631,-0.0674,no,5,1,no,REFLECTIVE
t0006@sreflect,6.0,2024-03-12,You've been a homebody lately. Share how creating a cozy nook at home has helped you unwind or stay focused.,It's my personal space and I feel content staying in my room.,sleep,0.2926,0.9693,0.6767,yes,1,1,no,REFLECTIVE
t0006@sreflect,6.0,2024-03-13,"Your in-person chats have grown, yet the places you visit have shrunk. How might diversifying your hangout spots enhance your already buzzing social life?",diversifying my hangout spots will help me meet new people. Lately I've not had enough time to go to different places and meet new people. so I tend to hang out with my existing groups of friends and comfortable places.,social_interaction,-0.2448,-0.3073,-0.0625,no,16,3,no,REDIRECTIVE
t0007@sreflect,1.0,2024-02-02,You've been less chatty on calls and texts lately. Got any new methods for staying connected with friends without screen time?,"I've been doing alright, not so good on biology but I love working in the lab on cell biology.",social_interaction,0.0,0.0,0.0,no,16,0,yes,REFLECTIVE
t0007@sreflect,1.0,2024-02-03,You've been less chatty on calls and texts lately. Got any new methods for staying connected with friends without screen time?,"Yes, I tall to my floor mates in person and my classmates.",social_interaction,-0.4394,0.4395,0.8789,yes,16,10,no,REFLECTIVE
t0007@sreflect,1.0,2024-02-05,Your screen time and app usage are on the rise. What are ways you could unplug for brief moments throughout the day?,"Take a walk, talk to friends face to face. Go for a stroll to ID birds.",digital_habits,-0.6604,-0.3392,0.3212,no,5,0,no,REDIRECTIVE
t0007@sreflect,1.0,2024-02-06,"Noticing you're calling more but meeting less, who made you feel most connected this week during a call?",My mom. she knows all of my secrets and everything that I do. she always has my back.,social_interaction,0.2993,0.157,-0.1422,no,16,5,no,REFLECTIVE
t0007@sreflect,1.0,2024-02-07,"Your gym visits are up. What's new in your workout routine, and how does it impact your day?","I am a part of Sugarplum and Club Taekwondo, so I go to the gym almost every day.",physical_fitness,0.3791,0.026,-0.3531,no,5,1,no,REFLECTIVE
t0007@sreflect,1.0,2024-02-08,"Your screen time's steady, but unlocks and social app use soared. How might moderating these affect tomorrow's focus?","If I unlock my phone less and reduce social media app use, I will be able to get more work done and improve my focus",digital_habits,-0.3307,0.0574,0.3881,no,5,0,no,REDIRECTIVE
t0007@sreflect,2.0,2024-02-09,Your digital habits look quite dynamic! Could refining your screen time routine help with sleep or enhance tomorrow's productivity?,"Definitely, using my phone less would allow me to sleep more and be more productive academically",sleep,-0.5345,-0.6097,-0.0752,no,1,0,no,REDIRECTIVE
t0007@sreflect,2.0,2024-02-13,Your recent screen time is up; in which ways might this impact your sleep and day tomorrow?,It will make me sleep less as I take more time to look at my phone instead of sleeping,sleep,-0.6097,-0.9355,-0.3258,no,1,0,no,REDIRECTIVE
t0007@sreflect,2.0,2024-02-14,Noticing more time at the gym lately; how is that refining your well-being?,It's a bit detrimental to my wellbeing because the number of social time that Sugarplum has stresses me out. It’s very much a sport of peer pressure.,physical_fitness,0.532,0.2143,-0.3177,no,5,0,no,REFLECTIVE
t0007@sreflect,2.0,2024-02-15,"Your decreased screen time suggests a shift; what’s your new favorite offline activity, and how does it feel?",I just haven't time to use my phone and it feels exhausting,digital_habits,0.02,-0.2603,-0.2803,yes,5,3,no,REFLECTIVE
t0007@sreflect,3.0,2024-02-16,You've been unlocking your phone more. How does this align with your goal for better digital habits?,"It does not align, in fact jt opposes my goals for digital habits",digital_habits,0.037,-0.4479,-0.4849,yes,5,4,no,REFLECTIVE
t0007@sreflect,3.0,2024-02-18,"With phone calls down and social app use up, reflect on how this shift impacts your social connections.",I learned that it's better to talk to friends and socialize than study hahaha,social_interaction,0.2024,0.1624,-0.04,no,16,5,no,REFLECTIVE
t0007@sreflect,3.0,2024-02-19,"Noticing more in-person chats recently, what new connections or conversations sparked joy for you?",Uhh conversations about hating myself and my friends hating themselves were pretty funny,social_interaction,0.03,0.1152,0.0853,yes,16,5,no,REFLECTIVE
t0007@sreflect,3.0,2024-02-21,"With fewer calls and less screen time, how might offline activities or passion projects enhance your daily routine?",They really add to the anger issues that I've been having hahaha,digital_habits,-0.3448,-0.1575,0.1874,no,5,0,no,REDIRECTIVE
t0007@sreflect,3.0,2024-02-22,Your gym time is up lately. What new workout or activity there has caught your attention? How does it align with your fitness goals?,we played king on the hill in tkd and it was fun to kick and get kicked,physical_fitness,0.2926,0.2797,-0.0129,no,5,2,no,REFLECTIVE
t0007@sreflect,4.0,2024-02-23,You've been finding unique ways to travel more distances lately. How has this movement around campus impacted your daily well-being?,Uhh negatively because it is annoying to have to all over the place and have my mom always watching,physical_fitness,0.5599,0.2838,-0.276,no,5,0,no,REFLECTIVE
t0007@sreflect,4.0,2024-02-25,Your screen time and social apps use have lessened recently. Got any cool hobbies that have taken their place? How do they fulfill you?,Taekwondo and a dance group have taken up a lot of time and let me exercise,digital_habits,-0.1575,-0.3302,-0.1727,yes,5,2,no,REFLECTIVE
t0007@sreflect,4.0,2024-02-26,"Noticing your in-person interactions have dwindled, how might you reconnect with friends this coming week?",I might go to late night foco and/or stargazing with a friend or a few,social_interaction,0.3345,0.1429,-0.1917,no,16,3,no,REDIRECTIVE
t0007@sreflect,4.0,2024-02-27,Your recent gym time boost is impressive! How is this new routine helping with your daily energy and focus?,It drains my energy a lot faster because I am tired more often,physical_fitness,0.2838,0.3604,0.0766,yes,5,3,no,REFLECTIVE
t0007@sreflect,4.0,2024-02-28,You've been unlocking your phone more frequently. Reflect on how this might be influencing your sleep and social interactions.,It boosts social interactions but damages my sleep schedule,digital_habits,-0.3597,-0.1542,0.2055,no,5,1,no,REFLECTIVE
t0007@sreflect,4.0,2024-02-29,Your frequent social app usage contrasts with fewer phone calls. What shifts in social interactions have you noticed?,I have enriched my social interactions by talking and texting other people,digital_habits,-0.3302,-0.1952,0.1349,no,5,1,no,REFLECTIVE
t0007@sreflect,5.0,2024-03-01,"Considering your decreased phone calls, what are some other ways you’ve stayed connected with friends and family recently?",I've connected to fellow dartmouth students with face to face talking,social_interaction,0.1429,0.4606,0.3177,yes,16,8,no,REFLECTIVE
t0007@sreflect,5.0,2024-03-03,Reflect on your increased use of social apps last week. How can this habit be aligned more with your goals?,It goes against my goals because I would like to cut down on electronics usage,digital_habits,-0.1542,-0.3615,-0.2073,yes,5,3,no,REDIRECTIVE
t0007@sreflect,5.0,2024-03-07,Noticed your texts are up while calls are down. How has texting helped you stay connected?,it has helped me feel connected to my friends and family in a text based format,digital_habits,-0.3615,-0.1939,0.1677,no,5,1,no,REFLECTIVE
t0007@sreflect,6.0,2024-03-11,Your travels seem to have skyrocketed recently! Consider how this change in scenery has influenced your creativity or perspective.,It has mademe very very tired. I feel exhausted and feel no change in creativity,physical_fitness,0.0482,-0.2693,-0.3175,no,5,0,no,REFLECTIVE
t0007@sreflect,6.0,2024-03-12,You've been catching more z's lately. What changes have you noticed during your day because of this?,I have gotten a lot more sleep and supposedly feel more energized than before,digital_habits,-0.2221,-0.8194,-0.5973,yes,5,3,no,REFLECTIVE
t0007@sreflect,6.0,2024-03-13,You're dialing down on screen time and phone unlocks lately. How is this affecting your focus or stress levels?,"I am on my spring break at home in Florida right now.   Instead of scrolling on my phone while procrastinating on my homework, I enjoyed outdoor birdwatching and shopping with my mom.  My stress level is down since I am on my break.",digital_habits,-0.1819,-0.9095,-0.7277,yes,5,3,no,REFLECTIVE
t0008@sreflect,1.0,2024-02-06,Noticing some more quiet evenings? Consider creating a wind-down routine centered around a restful night's sleep. What might that look like for you?,"This would be an evening with a long warm bath, a satisfying meal, watching something on Netflix, and then going to bed with a book to read, reducing the lights before going to bed. 10 minutes of meditation would also be helpful. I took meditation classes last term, and it helped to improve my sleep quality. So, after all of that, maybe a cup of tea to close the day. It's hard to create a routine like this when on the next day we have work and deadlines and classes.",sleep,0.0,0.0,0.0,no,1,0,yes,REDIRECTIVE
t0008@sreflect,1.0,2024-02-07,"With your evenings getting quieter, how might a little stretching or yoga add to your wind-down routine tonight?","Yoga would be really good. I've been practicing some yoga at least once a week, and it has been helping me to stretch and calm down (although not enough for the whole week). I might try tonight to relax since I have an upcoming exam.",physical_fitness,-0.2634,-0.0404,0.223,yes,5,3,no,REDIRECTIVE
t0008@sreflect,1.0,2024-02-08,You've been exploring more places recently! How does being in different environments impact your energy and mood?,"It makes me feel good. It is always nice to see some friends in new and different places, away from the work environment. It kind of recharges me a little bit with more energy for the rest of the week.",physical_fitness,-0.2197,-0.1101,0.1096,yes,5,3,no,REFLECTIVE
t0008@sreflect,1.0,2024-02-09,"Noticing fewer calls and texts lately, have in-person chats or solitary activities filled the gap? How's that shaping your day?","It's being a little bit weird. I think I miss some of the phone calls and messages I used to get. These past few days have been feeling weird and lonely, although I have people around most of the time, even people close to me.",digital_habits,0.3123,0.5909,0.2786,no,5,0,no,REFLECTIVE
t0008@sreflect,1.0,2024-02-11,"With your fitness routine shifting recently, what's one new activity you'd like to try next week?","I would like to go on a long walk or to go hiking. I need to do exercises with cardio activities, in order to reduce my cholesterol. Maybe some dance or team sport could be a good idea.",physical_fitness,-0.0404,-0.0611,-0.0208,no,5,1,no,REDIRECTIVE
t0008@sreflect,1.0,2024-02-12,"Noticing fewer texts and calls lately, who's someone you could reach out to for a quick catch-up this week?","I don't quite know. Possibly someone from my family. I don't know if I have friends willing to talk over the phone, but certainly, I can try to reach out through texts. But also, the days have been busy, so I didn't have a lot of time to talk.",social_interaction,-0.0356,-0.1885,-0.1529,no,16,3,no,REDIRECTIVE
t0008@sreflect,2.0,2024-02-13,You've been favoring texts over talks. How might more voice chats benefit your week ahead?,This would be good. Texting is exhausting and removes me from the present moment.,social_interaction,-0.0218,-0.1802,-0.1584,no,16,3,no,REDIRECTIVE
t0008@sreflect,2.0,2024-02-14,Switching to physical books or writing might refresh your nightly routine. Could this assist your sleep and how?,I think so. Reading books makes me feel more calm to sleep.,sleep,0.3176,-0.0082,-0.3258,no,1,0,no,REDIRECTIVE
t0008@sreflect,2.0,2024-02-15,Switching to physical books or writing might refresh your nightly routine. Could this assist your sleep and how?,"Yes, I think so. With this, I would be less distracted by social media, and would be less exposed to the brightness of screens. Also, I appreciate the smell of paper, so it is also something that relaxes me.",sleep,0.042,-0.0834,-0.1253,no,1,0,no,REDIRECTIVE
t0008@sreflect,2.0,2024-02-16,Noticed you're texting more but spending less time on calls. Share how this shift is affecting your daily connection with others.,"I've been connecting with people in real life, and having actual conversations. This feels better, but I also miss a little bit o some calls.",digital_habits,-0.043,0.4708,0.5138,no,5,0,no,REFLECTIVE
t0008@sreflect,2.0,2024-02-19,"Your in-person chats are up, even as digital pings slide; how's this shift shaping your day-to-day?","Many situations that require conversations have been popping up recently (the online conversations still exist, however). It is good to be able to talk to people around and find solutions to problems, instead of just wonder by myself about things.",social_interaction,-0.1387,-0.2632,-0.1244,no,16,2,no,REFLECTIVE
t0008@sreflect,3.0,2024-02-22,"With your running time up, how did that boost your energy or mood today?","I had an active day today, with lots of moving around, but not with a specific running involved. But in general I can say that moving makes my day better.",physical_fitness,-0.1798,0.1654,0.3452,yes,5,3,no,REFLECTIVE
t0008@sreflect,3.0,2024-02-23,"Reflecting on your lower phone call interactions, what do you appreciate most about your current in-person connections?","It's more diverse and broad. I've been talking to different people, going to different places, enjoying different activities. But at same time I miss some phone call interactions, for instance, talking more with my family. It's hard to do both at same time - live in the present and talk with those that are way.",social_interaction,-0.2632,0.0822,0.3453,yes,16,4,no,REFLECTIVE
t0008@sreflect,3.0,2024-02-25,You've been hitting the pavement hard with runs lately! In what ways has that time outdoors rejuvenated you?,"Time walking around or exercising has been a refresher for my mind. Sun is starting to show up again, so I feel motivated to go out and enjoy nature, as well as appreciate the campus. I've also trying to exercise more, so going out feels like a motivation to walk.",physical_fitness,0.2179,0.0227,-0.1952,no,5,0,no,REFLECTIVE
t0008@sreflect,3.0,2024-02-26,"Noticing your in-person conversations are up while digital chats are down, what's positively sparked this shift for socializing offline?","This week has been different from my usual weeks, because I'm in the final step in my current lab, so I don't have to work too much and can enjoy better social events around campus, like lunches with my house, events around etc. Also, I've been having meetings with some mentees, so this also counts as more conversations happening, even though those are on Zoom",social_interaction,-0.0004,-0.1585,-0.1581,no,16,3,no,REFLECTIVE
t0008@sreflect,4.0,2024-02-28,Your walks have picked up recently. How has integrating more strolls into your routine bolstered your day-to-day experience?,"I've been trying to exercise more, as well as enjoy more the weather outside with some walks. This has definitely improved my mood. I feel more energized. I guess this is due to the spring of fools, and I really hope the winter don't come back haha",physical_fitness,-0.0094,-0.0412,-0.0318,no,5,1,no,REFLECTIVE
t0008@sreflect,4.0,2024-02-29,"Noticing incoming calls have dropped, but visits to new places are up. What inspired this shift and how does it resonate with your pursuit of balance?","At this point, I'm trying to shift my habits a little bit, to have a more balanced and healthy life. The need to change and stop feeling tired all the time is what motivated me to make these changes. I'm trying to allow my body and mind to rest way before exhaustion.",social_interaction,0.0122,0.3396,0.3273,yes,16,6,no,REFLECTIVE
t0008@sreflect,4.0,2024-03-01,"Your recent trend shows shifting sleep patterns, how can tweaking your nighttime routine improve your rest quality?","Trying to establish a night routine and sleeping schedule has been really good for me. This past week I've been trying to go to bed before 22h30, so I can wake up early not feeling tired, and then have time to exercise or have a longer breakfast. This definitely added some calm to my routine.",sleep,0.0169,0.0921,0.0752,yes,1,1,no,REDIRECTIVE
t0008@sreflect,4.0,2024-03-03,You're connecting more face-to-face and visiting new spots lately. Describe one memorable conversation or place from last week and its impact on you.,"One memorable place was the basketball place on the gym. I am usually terrible at sports, but this time I scored many points, and was tied with my friend who was playing with me and is a great player. One reason for this possibly is the fact that I started to exercise more, so maybe my shootings is stronger. This made me feel good. Along with that, I had a conversation about competition, and this made be realize that although competitive, when it comes to academics I'm more collaborative.",social_interaction,0.1751,-0.1295,-0.3046,no,16,4,no,REFLECTIVE
t0008@sreflect,4.0,2024-03-04,Notice your phone chats are less frequent. Could this reflect more engaging in-person interactions? How might this shape your social habits?,"Yes, I've been engaging in more in-person conversations and tried to set the phone aside in more situations. Being more available to in person life has been good. I'm trying to connect more with people at this moment, to find the friends that I didn't at the beginning of the therm.",digital_habits,0.131,-0.1984,-0.3294,yes,5,3,no,REFLECTIVE
t0008@sreflect,5.0,2024-03-05,"Despite the uptick in academic term stress, it seems you've found a balance that works for you. Reflect on how prioritizing sleep has benefited your day-to-day life recently.","I understood that I'm the priority in this academic scenario. I know that going to bed late will make me feel tired and stressed. Therefore, I've been trying to prioritize my sleep, and this reflected in me finding more energy during the day to do other activities, like exercising. Also, keeping this sleeping routine has inspired me to create other routines, like reading and skincare.",sleep,0.0921,0.0921,0.0,no,1,0,no,REFLECTIVE
t0008@sreflect,5.0,2024-03-07,Your walks seem refreshing! How do they enhance your focus or relaxation?,"My walkings recently have been mostly because I have to go from one place to another, but I've been trying to enjoy the spring coming and the better temperatures. Walking is like a break in the middle of the routine, so it helps me to be more relaxed and more aware of the present moment.",physical_fitness,-0.1352,-0.0609,0.0743,yes,5,1,no,REFLECTIVE
t0008@sreflect,5.0,2024-03-08,You're connecting more in person and less digitally. Could minimizing screen time be nurturing your real-world relationships?,"Yes, I think so. I have been trying to be more present and more aware, so I have been prioritizing interactions in person, but always checking with my online friends and family as well. With the spring coming, I think is a nice moment to make connections and enjoy the outside.",digital_habits,-0.1984,0.2404,0.4388,no,5,1,no,REDIRECTIVE
t0008@sreflect,5.0,2024-03-10,Your running has picked up! How is this shift impacting your sleep and day-to-day energy levels?,"I've been trying to exercise more, and walking or using equipment to run has been one of the things I've been enjoying doing. When I do this in the morning, I start my day energized and happier, but I also end my day more tired. For this past week, I didn't do a lot of exercising, mostly because I was focused on working and studying for my final exam. However, I plan to come back to do these activities in the upcoming days, and this will definitely make me feel better.",sleep,0.042,0.0169,-0.0251,no,1,0,no,REFLECTIVE
t0008@sreflect,5.0,2024-03-11,Seems like your digital interactions are on the rise. How might balancing screen time help your sleep tonight?,"My goal is not to use screens that much during the night because I feel it has the potential to make me feel anxious. However, I also need to get some stuff done and talk to people I didn't have the chance to talk to during the day, so the screens end up being a nice break from work. Today I decided to read for one hour before sleeping, and I hope it helps me to sleep and feel better.",digital_habits,0.1291,0.129,-0.0001,yes,5,3,no,REDIRECTIVE
t0008@sreflect,6.0,2024-03-12,"Noticing you've been dialing back your digital screen time, what are you doing with the newfound gaps in your day?","I've been mostly working during the day, but also filling the beginning of the evening with exercises. Both those things have been having a good impact on my life since I enjoy the work I've been doing. I've been also finding some pleasure in doing exercises, which helps me to keep doing it.",digital_habits,0.2404,0.2183,-0.0221,yes,5,2,no,REFLECTIVE
t0008@sreflect,6.0,2024-03-13,"Your call and text activity suggest more solo time lately. How could a short, daily call to a friend boost your mood?","I have been focusing mostly on myself and my work these days, so not a lot of contact. Still, I have been trying to call my family, but they don't pick my calls every time. I think a phone call in the middle of the day would be nice to break a little bit of the routine and connect with someone who is outside of this bubble.",social_interaction,0.0271,-0.3712,-0.3983,no,16,0,no,REDIRECTIVE
t0009@sreflect,1.0,2024-02-06,Your digital engagement is on a downtrend. What will be your strategy to enhance your digital habits tomorrow?,"I mostly just sat in one place and worked on my paper. I was pretty motivated today and didn't have much stress writing. However, I do think I should had walk around more.",digital_habits,0.0,0.0,0.0,no,5,0,yes,REDIRECTIVE
t0009@sreflect,1.0,2024-02-07,Notice you've amped up your face-to-face chats lately. How are these increased personal interactions influencing your daily routine?,"today was a lot like yesterday, I mainly worked at home all day. I was able to take a break at 5 pm. Hopefully, tomorrow, when I get to campus, I'll get up on my feet more often and socialize.",social_interaction,-0.3198,0.1605,0.4803,yes,16,6,no,REFLECTIVE
t0009@sreflect,1.0,2024-02-08,Your recent trends show a shift towards texting. How is this change impacting your daily life and connections?,"I didn't end up going to campus today so it was a little like yesterday. however, today I was able to socialize for a while over zoom. I talked to a new graduate student.",digital_habits,-0.6453,-0.0788,0.5665,no,5,0,no,REFLECTIVE
t0009@sreflect,1.0,2024-02-09,You're exploring more places lately! How do exploring new locations influence your mood?,"I was able to go to campus today and I felt pretty good. there is still alot I need to get done this weekend so I'm a little stressed, but I can get through it",physical_fitness,-0.2578,-0.2854,-0.0275,no,5,0,no,REFLECTIVE
t0009@sreflect,1.0,2024-02-11,Your recent digital detour is noticeable. Reflect on how less screen time has opened up new opportunities this past week.,I went to a lunar new year party last night and surprised myself with how fast it went. I usually want to leave right away. I also was able to do my taxes.,digital_habits,-0.0811,0.1296,0.2106,no,5,2,no,REFLECTIVE
t0009@sreflect,1.0,2024-02-12,You're making strides in phone unlocks even with decreased screen use. How will you balance this trend for a focused tomorrow?,I will be traveling tomorrow so that is how I will reduce the screentime,digital_habits,-0.0788,0.2019,0.2806,no,5,1,no,REDIRECTIVE
t0009@sreflect,2.0,2024-02-13,You're making strides in phone unlocks even with decreased screen use. How will you balance this trend for a focused tomorrow?,well tomorrow i am manning a telescope until Feb 25th. I'm away observing so that replaces phone screen with computer screen.,digital_habits,0.0776,0.2798,0.2022,no,5,2,no,REDIRECTIVE
t0009@sreflect,2.0,2024-02-14,Your recent phone call trends suggest a surge in connections. How did a specific call positively impact your week?,i talked to my mom and it gave me courage to drive to boston.,digital_habits,0.3198,0.6061,0.2863,no,5,3,no,REFLECTIVE
t0009@sreflect,2.0,2024-02-15,"Noticing an uptick in screen time with a hefty skew towards entertainment apps, can you pinpoint a show or game that particularly drew you in? How did it feel?",well I have been working a lot since I'm observing all night.,digital_habits,0.1296,0.5132,0.3836,no,5,2,no,REFLECTIVE
t0009@sreflect,2.0,2024-02-16,Your in-person conversations are on the rise — any recent heartwarming or noteworthy chats?,"yes, chatting with my coworker is fun while we're manning the telescope.",social_interaction,0.2755,-0.354,-0.6295,no,16,0,no,REFLECTIVE
t0009@sreflect,2.0,2024-02-18,"Your screen time is up, what new app made your week better, and how might it help with future tasks?",I was mostly on my phone because I'm using my laptop to work. I didn't really install anything new. just apps for shopping.,digital_habits,0.6061,-0.4475,-1.0536,yes,5,5,no,REFLECTIVE
t0009@sreflect,2.0,2024-02-19,You've dialed back on apps lately; how's that shaped your focus or relaxation?,"I find myself more focused on work, which is a good thing because I want to graduate next year.",digital_habits,0.5132,-0.2743,-0.7875,yes,5,4,no,REFLECTIVE
t0009@sreflect,3.0,2024-02-20,Noticing fewer calls and texts but stable in-person chats; has this changed how you connect with friends?,Yeah. It's hard to switch over schedule for telescope observing,social_interaction,-0.354,-0.1662,0.1878,yes,16,4,no,REFLECTIVE
t0009@sreflect,3.0,2024-02-21,"As you're spending more time at home lately, what new hobby or skill could you explore to enrich these moments?",I mean it's not that im at home. its more that im observing at a telescope but i find myself becoming interested more in research,sleep,-1.0859,-0.1836,0.9023,yes,1,1,no,REDIRECTIVE
t0009@sreflect,3.0,2024-02-22,Social connections are evolving for you. How will you nurture relationships this week with less digital interaction?,I think by putting my phone in my pocket and sitting by my friends letting them talk. I'm always afraid of missing out something online but I should focus more on what's in front of me sometimes,social_interaction,0.7985,0.3027,-0.4959,no,16,6,no,REDIRECTIVE
t0009@sreflect,3.0,2024-02-23,"With your screen time down, consider planning a small social gathering to spark meaningful in-person connections. How might that look like for you?",I will attend on Monday. unfortunately I will be very busy until then.,social_interaction,0.6239,0.0091,-0.6148,no,16,8,no,REDIRECTIVE
t0009@sreflect,3.0,2024-02-25,Your digital habits have improved. Noticed any changes in your sleep with more screen-free time before bed?,better sleep. but not long enough due to external factors,sleep,-0.1836,-1.2613,-1.0777,no,1,0,no,REFLECTIVE
t0009@sreflect,3.0,2024-02-26,Increasing phone interactions reflect a boost in your social life! How are they enriching your daily routine?,they're making me feel supported. especially when I am very tired and cranky.,digital_habits,-0.0165,0.8724,0.8889,no,5,3,no,REFLECTIVE
t0009@sreflect,4.0,2024-02-27,It seems you've been more mobile and visiting new places. How does exploring affect your well-being?,"why it's fun to see new places, it's also exhausting, too. I am looking forward to being back to campus and relaxing",digital_habits,0.3482,0.949,0.6008,no,5,4,no,REFLECTIVE
t0009@sreflect,4.0,2024-02-28,Your knack for digital entertainment has spiked. Consider how these choices might shape your tomorrow.,it's something in the background I sometimes put in order to work.,digital_habits,0.4235,0.6895,0.266,no,5,4,no,REDIRECTIVE
t0009@sreflect,4.0,2024-02-29,"With your screen time down, reflect on new non-digital activities you've discovered recently.",I am more focused on other things and baking again. But I am very busy so that's why it wasn't that great a day.,digital_habits,0.7522,1.0484,0.2962,no,5,4,no,REFLECTIVE
t0009@sreflect,4.0,2024-03-01,Your outgoing SMS has surged—what messages have uplifted you recently?,my friend checking in on me because they know how busy I am. but also reminding of things that are due. i appreciate their support even though they arent in astronomy,digital_habits,0.8724,1.0537,0.1813,no,5,2,no,REFLECTIVE
t0009@sreflect,4.0,2024-03-03,Your phone convos are up while in-person chats dipped. How might you balance digital and face-to-face interactions next week?,"I will going to campus most of the week, so I'll see people in person",digital_habits,0.6895,0.8407,0.1512,no,5,0,no,REDIRECTIVE
t0009@sreflect,4.0,2024-03-04,"Your in-person conversations are up, but your screen time declined. What new habit might you start next week to continue this trend?","more writing for fun, instead of science writing. i usually do it on paper.",social_interaction,0.4431,0.6817,0.2386,yes,16,6,no,REDIRECTIVE
t0009@sreflect,5.0,2024-03-05,"While your screentime went down, there's an uptick in social app use. Consider which app enhances real connections and why?",i talk to more people on Instagram then any other. mostly because the toxicity of others,social_interaction,0.6164,0.4185,-0.1979,no,16,4,no,REDIRECTIVE
t0009@sreflect,5.0,2024-03-06,You've been exploring more places lately. How does visiting new spots shape your day?,"I walk more, feel better about myself but also socialize more",physical_fitness,-0.3507,-0.1565,0.1942,yes,5,1,no,REFLECTIVE
t0009@sreflect,5.0,2024-03-08,"Your screen time is down, but phone unlocks are up. How does this affect your focus and productivity?","Well, it's more like I put my phone down to work on my computer or write for fun. I tend to put on Netflix on it in the background.",digital_habits,1.0153,0.6058,-0.4095,yes,5,3,no,REFLECTIVE
t0009@sreflect,5.0,2024-03-10,It seems your outbound calls have lessened but texts are on the rise. Could this reflect a shift in how you prefer to communicate?,"I don't really like calling over the phone, the only people I speak on the phone with are my parents and aunts and uncles. it's less stressful for me.",digital_habits,0.5167,0.6069,0.0902,no,5,2,no,REFLECTIVE
t0009@sreflect,5.0,2024-03-11,"With walking up and screen time on the rise, what change inspired you to switch up these routines, and how has it impacted your day?",my advisors new postdoc is visiting and we work great together. It's helped that I've showed him around.,digital_habits,0.2515,0.3883,0.1368,no,5,1,no,REFLECTIVE
t0009@sreflect,6.0,2024-03-12,"Your walks have picked up pace lately. What's motivating you to step out more, and how does it boost your day?",I wanted to go to the office because it's hard for me to work from home. I am trying to main that,physical_fitness,-0.1401,-0.2365,-0.0964,no,5,0,no,REFLECTIVE
t0009@sreflect,6.0,2024-03-13,You're reaching out more digitally but less face to face. What's one moment this week where a digital convo replaced a meet-up?,When my advisors post doc went back home. we had to meet remotely,social_interaction,-0.0653,0.0498,0.1151,yes,16,4,no,REFLECTIVE
t0009@sreflect,9.0,2024-04-07,You're spending more time at home lately. What new habit could you start there to boost your well-being?,I mean I decided to take an extra day on Friday but I've been to the office since. except maybe a little later than usual,sleep,-0.2087,0.4931,0.7018,yes,1,1,no,REDIRECTIVE
t0010@sreflect,1.0,2024-02-07,You've been favoring in-person chats over texts lately. What's a recent face-to-face conversation that left a positive mark on you?,A meeting I had with my boss made me feel better about some of the problems I've been having lately. helped with validating that certain things are out of my control.,social_interaction,0.1549,0.0759,-0.079,no,16,2,no,REFLECTIVE
t0010@sreflect,1.0,2024-02-08,"With your recent boost in screen time, what's one less vital app you might curb to enhance your focus or rest?","I feel like I was really busy today, so honestly surprised my screen time went up, maybe related to doing some work things on my phone. Maybe I could spend some less time on Instagram throughout the day.",digital_habits,-0.6197,-0.1334,0.4863,no,5,0,no,REDIRECTIVE
t0010@sreflect,1.0,2024-02-09,"Reflecting on a recent day, can you spot a pattern that links your screen time and sleep routine, and how might you tweak it for better rest?",Sometimes when I'm really tired I'll stay up on my phone or watching TV. sometimes it's hard to get up and get the energy to go to bed even though it's what's best for me,sleep,1.1698,0.2425,-0.9273,no,1,0,no,REDIRECTIVE
t0010@sreflect,1.0,2024-02-11,"Since you've been spending less time on your phone, what new interests have you explored or activities have you found joy in?","I haven't really been doing anything new lately. just working a lot on writing for my qualifying exam. lots to learns, lots to do",digital_habits,-0.1579,-0.5328,-0.3748,yes,5,4,no,REFLECTIVE
t0010@sreflect,1.0,2024-02-12,"With a notable uptick in your running and walking, what's one new track or trail you've discovered recently that lifted your spirits?","I've been running down heater road a bit. it's tough hills, but I like that it's a nice smooth, snow cleared side walk.",physical_fitness,0.6903,-0.061,-0.7514,no,5,0,no,REFLECTIVE
t0010@sreflect,2.0,2024-02-13,"Your phone has become less of a companion lately. How has this shift impacted your day-to-day life, and what positive changes have you noticed?","I was very productive today. got a lot of work done, didn't really have time to be on my phone",digital_habits,-0.2453,-0.311,-0.0657,yes,5,3,no,REFLECTIVE
t0010@sreflect,2.0,2024-02-14,You're calling more and texting less. Reflect on how this change is reshaping your connections.,"I called my mom because I think she needed it. I've been bad about calling her lately and she clearly doesn't like that. so after she texted me today, I called to respond, I think she appreciated it.",digital_habits,-0.3659,-0.3005,0.0654,no,5,2,no,REFLECTIVE
t0010@sreflect,2.0,2024-02-15,You're meeting more people in person. How does this change in socializing affect your sense of community?,"I like lunch outings and tea time. it's a good way to break up the day, get some snacks before getting back to work",social_interaction,-0.0054,0.0346,0.0401,yes,16,5,no,REFLECTIVE
t0010@sreflect,2.0,2024-02-16,You've shifted from calls to texts lately. How do you think this is shaping your communication preferences?,"Texting is easier for me, doesn't take up as much time, can pause a convo and continue later",digital_habits,-0.425,-0.376,0.0491,no,5,1,no,REFLECTIVE
t0010@sreflect,3.0,2024-02-20,Been reaching out less via text but still embracing calls. How has this switch impacted your daily connections?,"I wouldn't say I'm embracing calls, I got a lot of spam calls today. I'm very busy with qual and writing class homework so really just had less time to be on my phone today.",digital_habits,-0.376,-0.3098,0.0662,no,5,2,no,REFLECTIVE
t0010@sreflect,3.0,2024-02-21,Your recent trend shows a notable decrease in digital screen time. How does this change affect your daily routine and focus?,I've been working a lot. it's been good for my productivity. but also the reduced is likely a necessity at this point,digital_habits,-0.3298,-0.3768,-0.0469,yes,5,3,no,REFLECTIVE
t0010@sreflect,3.0,2024-02-22,"You've had a shift in digital habits with less screen time. Considering this, how has your recent book or article reading evolved?",I've been working hard on my qualifying exam prep. wish I were reading more.,digital_habits,-0.3803,-0.4194,-0.0391,yes,5,2,no,REFLECTIVE
t0010@sreflect,3.0,2024-02-23,Seeing your phone calls have greatly increased—how have these conversations impacted your daily interactions and overall well-being?,"I called a lot of restaurants tonight looking for a last minute table for 7. most had crazy long waits, but ultimately found a good spot and had a good night",digital_habits,-0.3124,-0.4601,-0.1477,yes,5,3,no,REFLECTIVE
t0010@sreflect,3.0,2024-02-25,You're texting more and calling less – how has this shift affected your ability to express yourself and maintain relationships last week?,Texting is easier for me. Today I was texting a lot to communicate with my ski group. Had a great time with the ski group once we were all at the mountain,digital_habits,-0.3768,-0.4471,-0.0704,yes,5,2,no,REFLECTIVE
t0010@sreflect,3.0,2024-02-26,You've notably increased your running recently. How does that align with your physical fitness goals and make you feel?,"I've been running all winter just on the treadmill. But I'm very happy it was warm enough to run outside, I very much prefer running outside. Made me feel great, I love starting my day with a workout",physical_fitness,0.6739,0.2274,-0.4466,no,5,1,no,REFLECTIVE
t0010@sreflect,4.0,2024-02-27,You've been powering down on screen time lately; what new habits made this possible and how do they reflect on your daily routine?,"Getting work done, but taking breaks to get away from my screen. like washed dishes during a break, took my dog out, etc",digital_habits,-0.4601,-0.378,0.0822,no,5,2,no,REFLECTIVE
t0010@sreflect,4.0,2024-02-28,Your calendar shows more events lately. How are these shaping your interaction with others and influencing your wellbeing?,"With the practice qual done, I have some free time. I have been able to book more time with equipment and making progress.",sleep,-0.2337,0.0169,0.2506,yes,1,1,no,REFLECTIVE
t0010@sreflect,4.0,2024-02-29,"Reflecting on the fading phone calls but more texts, how has this shift impacted your connections with friends?","I typically am not much of a caller, so fade probably just means I had a weird uptick in calls lately. when my texting is increasing, it's probably relating to planning things. which means I have actually had the chance to do fun things lately.",digital_habits,-0.4471,-0.391,0.0561,no,5,1,no,REFLECTIVE
t0010@sreflect,4.0,2024-03-01,"With your phone unlocks on the rise, what's one new habit you could try to reduce them?","it is a habit for me to open Instagram all the time, for no reason. I really should try to stop that.",digital_habits,-0.4173,-0.3878,0.0295,no,5,2,no,REDIRECTIVE
t0010@sreflect,4.0,2024-03-04,Your recent runs have picked up pace. How does this boost in physical activity influence your daily mood?,"I am unwell if I don't get a workout in. for me, a morning workout is a great start to the day, allows my body to be fully awake before I have to use my brain.",physical_fitness,0.8396,0.2371,-0.6025,no,5,1,no,REFLECTIVE
t0010@sreflect,4.0,2024-03-04,Your texts and in-person conversations have risen! Who have you connected with lately and how has this impacted your sense of community?,"I am unwell if I don't get a workout in. for me, a morning workout is a great start to the day, allows my body to be fully awake before I have to use my brain.",social_interaction,-0.041,-0.0179,0.0231,yes,16,4,no,REFLECTIVE
t0010@sreflect,5.0,2024-03-06,You've upped your running lately. How might integrating this into your daily routine enhance your focus and energy?,"I haven't actually upped my running, I've just been running more outside instead of on the treadmill. It's really nice to be outside, great way to start the day for me.",physical_fitness,1.0533,0.4057,-0.6476,no,5,1,no,REDIRECTIVE
t0010@sreflect,5.0,2024-03-07,Noticing fewer calls and more in-person chats? Reflect on how this shift is shaping your social interactions.,chats in the lab are always good to break up the day. Also good to get my thoughts out and maybe refocus a bit.,social_interaction,0.0955,0.4425,0.347,yes,16,5,no,REFLECTIVE
t0010@sreflect,5.0,2024-03-08,You're embracing more face-to-face chats lately. What's one surprising insight you've gained from this change in your social habits?,I spent more time teaching the post-bac today and I think it went well.,social_interaction,-0.0179,0.5228,0.5407,yes,16,8,no,REFLECTIVE
t0010@sreflect,5.0,2024-03-11,You're spending less time on in-person talks but more on calls. How's this change shaping your daily interactions?,"I've got a lot of work to get done, so probably good that I'm not chatting all day long. Had some surgeries to get done today, so that was a while on my own. Today just felt like a quiet day, less people at work.",digital_habits,-0.2932,-0.1615,0.1317,no,5,0,no,REFLECTIVE
t0010@sreflect,6.0,2024-03-13,Your screen time and social app use are up. Reflect on why and how adjusting these could help your focus.,"I think I've been using tiktok more before bed. should probably wind down with a book instead, would be better for me.",digital_habits,-0.2688,-0.2723,-0.0034,yes,5,2,no,REDIRECTIVE
t0011@sreflect,1.0,2024-02-06,"It seems your screen time has gone down recently. How do you feel about the digital space you've reclaimed, and what did you do with that extra time?","I've had a nice relaxing day in which I could finish some outstanding tasks around the apartment, and was able to finish a Lego project",digital_habits,0.0,0.0,0.0,no,5,0,yes,REFLECTIVE
t0011@sreflect,1.0,2024-02-08,"Noticing a hike in social app usage, how have these platforms helped or distracted from your academic goals?","distracted, as I was studying for an exam. But social media is the only way to talk to my wife, so it was planned and I don't mind at all",digital_habits,-0.4823,-0.4572,0.0251,no,5,2,no,REFLECTIVE
t0011@sreflect,1.0,2024-02-09,Your frequent spots have changed recently. Reflect on your favorite new find and what it adds to your day.,"It is not a new find, nor a daily thing to go to, it does not add anything to my normal day, but I did have fun today",physical_fitness,-0.0905,-0.0777,0.0127,yes,5,1,no,REFLECTIVE
t0011@sreflect,1.0,2024-02-12,Reflect on a digital break you took this past week. How did reducing screen time help you recharge?,"I don't feel like using my phone a bit less actually did help me recharge, I mean, I guess I did but I don't feel the two are related to each other.",digital_habits,-0.4572,-0.1204,0.3368,no,5,0,no,REFLECTIVE
t0011@sreflect,1.0,2024-02-12,"Noticing longer but fewer in-person chats recently, what's one deep conversation that sparked joy or insight for you?","I don't feel like using my phone a bit less actually did help me recharge, I mean, I guess I did but I don't feel the two are related to each other.",social_interaction,-0.1885,-0.2678,-0.0793,no,16,1,no,REFLECTIVE
t0011@sreflect,2.0,2024-02-13,"Your screen time and app use have climbed! Reflecting on this, which app might you cut back on to reclaim some headspace?","I don't feel like I need to cut back on any app to ""reclaim headspace""",digital_habits,-0.3175,-0.1946,0.1229,no,5,1,no,REDIRECTIVE
t0011@sreflect,2.0,2024-02-19,Your increase in screen time suggests a digital-heavy routine. How might balancing online and offline activities improve your day?,"I use my online 'activities' to communicate with my loved ones, I don't really feel like I need to rebalance anything in that regard",digital_habits,-0.3285,-0.3543,-0.0259,yes,5,3,no,REDIRECTIVE
t0011@sreflect,3.0,2024-02-26,You've been shifting to more in-person chats lately. How has this affected your connections and digital habits?,"I don't think it has effected my digital habits, but I do enjoy connecting with people more in person",social_interaction,-0.2268,-0.2613,-0.0345,no,16,1,no,REFLECTIVE
t0011@sreflect,4.0,2024-02-29,"Noticing a decrease in your phone interactions and an upswing in face-to-face conversations, what new insights have you gained about balancing your tech use with social connection?",There's no new insight. just normal day to day fluctuations,digital_habits,-0.075,-0.361,-0.286,yes,5,3,no,REFLECTIVE
t0011@sreflect,5.0,2024-03-08,"Your in-person chats have grown though less frequent, any insightful encounters sparking joy lately?",I flagged down a few friends to do an activity later this weekend. It is nice to see people being happy for being included,social_interaction,-0.1208,-0.2827,-0.1619,no,16,1,no,REFLECTIVE
t0011@sreflect,5.0,2024-03-11,Your phone unlocks have gone down recently. How might this be influencing your daily routine and interactions?,It doesn't. there is no notable difference to talk about,digital_habits,-0.5567,-0.1073,0.4495,no,5,0,no,REFLECTIVE
t0011@sreflect,6.0,2024-03-16,Your phone unlocks have gone down recently. How might this be influencing your daily routine and interactions?,"It is actually the other way around. my daily routine has completely changed due to being on a holiday, and enjoying my time connecting with people in person who I would normally interact with digitally. This has resulted in less phone usage",digital_habits,-0.3037,0.0169,0.3206,no,5,1,no,REFLECTIVE
t0012@sreflect,1.0,2024-02-06,"Though your screen time is down, consider the impact of less digital interaction on your overall well-being. How might you balance online and offline activities tomorrow?","Since I watch youtube videos too long, I might consider blocking the app. This has worked for several days, but I would get back to the app shortly. A better approach could be setting a time for myself dedicated to work and using the app for a limited amount of time.",digital_habits,0.0,0.0,0.0,no,5,0,yes,REDIRECTIVE
t0012@sreflect,1.0,2024-02-07,"Though your screen time is down, consider the impact of less digital interaction on your overall well-being. How might you balance online and offline activities tomorrow?",go to library and find a place where I can focus solely on my work,digital_habits,-0.9271,-0.1326,0.7944,no,5,0,no,REDIRECTIVE
t0012@sreflect,1.0,2024-02-12,You're upping your text game! How do you feel about the shift from calls to texts for staying in touch?,I don't think texting has increased lately. I usually prefer calls,digital_habits,-0.2742,-0.0834,0.1909,no,5,1,no,REFLECTIVE
t0012@sreflect,2.0,2024-02-14,You're reaching out through texts more often now. Reflect on how swapping in-person chats for digital messages has affected your day?,it's been a pretty relaxing day without too much pressure to socialize,digital_habits,-0.2234,-0.1677,0.0557,no,5,2,no,REFLECTIVE
t0012@sreflect,2.0,2024-02-18,"Lately, your digital exchanges are on the upswing. Can you share how this has impacted your daily routine or study habits?","not much to be honest, I've been spending more time in the library and made more progress on my work lately",digital_habits,-0.1677,-0.1081,0.0596,no,5,3,no,REFLECTIVE
t0012@sreflect,3.0,2024-02-21,Your gym time is up! How has that influenced your study time or relaxation moments?,"I didn't go to gym today, I spent all my day in my apartment lobby doing work.",physical_fitness,-0.0238,0.0518,0.0756,yes,5,2,no,REFLECTIVE
t0012@sreflect,4.0,2024-02-28,Your call activity is up. Reflect on how increased phone conversations have enhanced your connection with friends and family this term.,"I have met a few friends in the past few days, and it helped me think about things that I don't usually contemplate or reflect on; for example, life in campuses in california and how it compares to mine.",digital_habits,-0.4212,-0.6351,-0.214,yes,5,3,no,REFLECTIVE
t0012@sreflect,4.0,2024-02-29,You seem to be embracing more face-to-face chats and gym time. How are these choices enriching your day?,"It's fun to have time outside of work to have chats and do exercises, but it's counterproductive when that time gets too long and I spend too much energy on leisures",digital_habits,-0.4534,-0.5308,-0.0774,yes,5,2,no,REFLECTIVE
t0013@sreflect,1.0,2024-02-08,"Reflecting on your digital leaps, could a new app or habit be eating into your sleep routine?","Yeah, I keep scrolling on my phone before sleeping or applying to jobs instead of sleeping intentionally so that is eating into my sleep time. I don't have an existing routine that I follow before sleeping. I need to establish a routine.",sleep,3.5633,-0.2087,-3.772,no,1,0,no,REDIRECTIVE
t0013@sreflect,1.0,2024-02-09,Seems like your phone's become quieter recently. How do you plan to re-engage with your social circle today?,"I didn't have my phone on me the entire day, that's why it's been quieter. I have been in social company all day today, it was a great day. I had good lunch with friends (bunked my ML class), had desert in a park, took some photos, used a swing, got selected for the next round of a fellowship application, ate ice cream made from nitrogen, ran on the ice ina  race, met for a project, danced in a computer lab, played bingo, sang in a bus and started watching a new Korean show.  Today was eventful.",social_interaction,0.0894,-0.169,-0.2584,no,16,3,no,REDIRECTIVE
t0013@sreflect,2.0,2024-02-13,"Your walking and gym time has decreased, yet travel has climbed. Could a new hobby explain this shift? How might it be reshaped for fitness?","Not really, it's because of taking the bus more or.moving to a lot of locations within a building that are close by. I don't think it has any actual effects on my fitness",physical_fitness,0.2703,0.3797,0.1095,yes,5,2,no,REDIRECTIVE
t0013@sreflect,3.0,2024-02-25,Your in-person conversations are on the rise! Reflect on how these face-to-face interactions last week have enriched your social circles or study groups.,My boyfriend leaving after his visit was particularly painful for me. I had so much work going on which I thought was energizing me but I was doing very little towards things that actually mattered. I don't know if I'm still out of the difficult period but I have been taking on more and more work to fill my time,social_interaction,-0.1269,0.0394,0.1663,yes,16,6,no,REFLECTIVE
t0013@sreflect,4.0,2024-02-28,Your phone unlocks have gone up recently. Could this be affecting your sleep? What changes might improve your rest tonight?,"I was carrying my phone in my hand a lot today, so the phone kept getting unlocked. I have been connected to friends in other places more recently through my phone. No effect on sleep. My sleep is erratic because of workload and finals week. Lesser distractions, meetings and working with more focus can improve time management and probably increase rest time",sleep,-0.8854,-0.4844,0.401,yes,1,1,no,REDIRECTIVE
t0014@sreflect,2.0,2024-02-14,"With a dip in hangouts and walks, what's one indoor activity that boosted your spirits recently?","I was inside tonight, watching Rocky horror picture show at a local theatre place. I sat with some friends at the show, and a bunch of other people of that I knew were also there. it was a great time and I got to learn some of the call and response bits of audience participation that I hadn't learned before. it's always fun to just be a little queer and have some wonderful community to hang out with.",physical_fitness,-0.3629,-0.3629,0.0,no,5,0,no,REFLECTIVE
t0014@sreflect,2.0,2024-02-16,Those upticks in messages you've been sending – sounds like you're sparking more dialogues. Which conversation lately has been particularly meaningful for you?,"I have been chatting with two friends from college who have helped me draft a petition for my undergraduate advisor. he was rejected tenure for political reasons, so we came together to write a petition and organized over 100 signatures from his former students. it's been meaningful for me to be a part of something that, even if it doesn't do anything, at least shows that we will not stay silent in the face of adversity.",social_interaction,0.3198,-0.0419,-0.3617,no,16,4,no,REFLECTIVE
t0014@sreflect,2.0,2024-02-16,"With SMS and screen time up, what's one convo that stands out today and why?","I have been chatting with two friends from college who have helped me draft a petition for my undergraduate advisor. he was rejected tenure for political reasons, so we came together to write a petition and organized over 100 signatures from his former students. it's been meaningful for me to be a part of something that, even if it doesn't do anything, at least shows that we will not stay silent in the face of adversity.",digital_habits,0.0336,1.2442,1.2106,no,5,0,no,REFLECTIVE
t0014@sreflect,2.0,2024-02-18,Your walks are longer lately; how does that resonate with your mood and social interactions?,"it does a bit, I've been trying to make sure to get outside so that I can clear my thought and move around, which is always good for my mental health. some of it's actually been skiing, the winter has been really bad, but we've had a little bit of snow so I tried to cross country ski when I can. any day outside is a good day for me, and it helps me clear my thoughts too so I try to do that as much as I can.",physical_fitness,-0.3629,-0.1935,0.1694,yes,5,3,no,REFLECTIVE
t0014@sreflect,2.0,2024-02-19,"As you're visiting more places, how has the change of scenery impacted your day?","The change of scene is been good. I got to interact with a new group of people today, there is a meeting of the local leftist organization, so I stopped by to see what they were about and got to hang out with my friends who were there. The change of scenery has been good because it's nice to interact with different people and shake things up every once in a while. I'm hoping to keep doing that because it's nice connecting with different groups of people and making sure things aren't repetitive",digital_habits,1.3991,1.7276,0.3285,no,5,1,no,REFLECTIVE
t0014@sreflect,3.0,2024-02-22,Exploring new places can be refreshing. Have they inspired any new social interactions or hobbies?,"exploring new places inspired a very good date that I went on today. we explored a little fire tower at a state park in Vermont, and watch the sunset. we also walked a dog which is very cute. it was very refreshing to explore a new place, and it also made the date very fun and spontaneous",social_interaction,0.431,0.6567,0.2258,yes,16,4,no,REFLECTIVE
t0014@sreflect,3.0,2024-02-22,You're texting more but spending less time on calls. How does messaging align with your current social preferences?,"exploring new places inspired a very good date that I went on today. we explored a little fire tower at a state park in Vermont, and watch the sunset. we also walked a dog which is very cute. it was very refreshing to explore a new place, and it also made the date very fun and spontaneous",digital_habits,1.6082,1.4304,-0.1778,yes,5,2,no,REFLECTIVE
t0014@sreflect,3.0,2024-02-26,Noticed you're favoring real chats over calls. How has this reshaped your social interactions?,"it's been really good. I always do better with face to face interactions, because it's nice to just get to know someone that's sitting in front of you. I've had good discussions this weekend with friends , nice interactions with union folks in person as well, and interactions with someone that I'm sort of dating. overall, the in-person thing has been good because I don't like relying on technology. too much all the time.",digital_habits,1.4304,1.7705,0.3401,no,5,1,no,REFLECTIVE
t0014@sreflect,4.0,2024-02-29,"Noticing a shift towards texting, what specific advantages does this have for you compared to calls or in-person chats?","I have still been texting the person I've started seeing. we've been texting waaaay too much, but it's also been so wonderful to be into someone as much as they are into me. the texting keeps the flames alive while we navigate our busy schedules and seeing each other.",digital_habits,1.4775,1.1547,-0.3228,yes,5,4,no,REFLECTIVE
t0014@sreflect,4.0,2024-03-04,You're visiting more places but spending less time in conversation. How might this shape your social interactions moving forward?,"I have been visiting places to do different chores the past couple of days, and I had my phone away for some of it while I talked to people. I feel like this hasn't shaped my social interactions too much, since I've been having very fulfilling conversations. though, I have been having them with various different groups, so that is new",social_interaction,-0.0238,0.0297,0.0535,yes,16,4,no,REFLECTIVE
t0014@sreflect,5.0,2024-03-06,You're visiting more places but spending less time in conversation. How might this shape your social interactions moving forward?,"going for it. I don't really think this will change anything about my social interactions, I just went through a period where a lot of my friends are busy and finals and stuff, and I've been busy as well. but spring break is coming up over these next couple of weeks. so I might be having more intense conversations with fewer friends as I go visit them and different places",social_interaction,0.0123,-0.1226,-0.1349,no,16,2,no,REFLECTIVE
t0014@sreflect,5.0,2024-03-11,You've been engaging more in walking and visiting new places. How did exploring different settings impact your mood last week?,"I have visited new places because I went to Montreal and a little trip and I needed to visit my advisor in Colorado this week, explain different settings was a great impact on my mood, it's so fun getting out of the Dartmouth and just exploring real world and seeing what's up. My mood has been amazing this week, even if I've been a little tired from sleep deprivation",physical_fitness,0.2332,0.1189,-0.1143,no,5,1,no,REFLECTIVE
t0015@sreflect,1.0,2024-02-09,Reflect on one positive thing that brings you comfort before sleep. How can you include it in your nightly routine?,Listening to classical musics before sleep brings me comfort. Probably I think I can try to do it everyday to ease stress.,sleep,3.2249,1.0445,-2.1805,no,1,0,no,REDIRECTIVE
t0015@sreflect,1.0,2024-02-13,Your call patterns are up; any conversations lately that brought a smile to your face? How can you have more of those moments?,"I don't think there was a certain conversation that brought any smile on my face today because I spent this whole day studying. However, I am planning to engage in social life tomorrow",social_interaction,0.0137,0.302,0.2882,yes,16,5,no,REDIRECTIVE
t0015@sreflect,1.0,2024-02-14,You're exploring more new places lately! How does discovering new spots around campus shape your day?,it helps me to connect with new people and enjoy some comfort from academic life.,physical_fitness,0.5743,-0.2084,-0.7827,no,5,1,no,REFLECTIVE
t0015@sreflect,2.0,2024-02-18,"Lately, you've been more walkative than usual! How does this uptick in perambulation serve you?",I feel more relaxed exploring new places while refreshing my mind,physical_fitness,-0.2084,0.1468,0.3552,yes,5,2,no,REFLECTIVE
t0015@sreflect,2.0,2024-02-20,"Your in-person chatter has spiked, which is fab! How has this shift to face-to-face impacted your daily vibe and connections?",That made my day. I believe that a day wasted on others is not wasted at all. I am going to try to do even better tomorrow,social_interaction,0.1601,0.034,-0.126,no,16,5,no,REFLECTIVE
t0015@sreflect,4.0,2024-03-04,Noticing more screen time lately? How could adjusting this impact your sleep and in-person conversations?,I need to reduce my screen time to engage more with my friends and be more productive.,sleep,-0.7601,-1.0107,-0.2506,no,1,0,no,REDIRECTIVE
t0015@sreflect,5.0,2024-03-08,Noticing more screen time lately? How could adjusting this impact your sleep and in-person conversations?,Reduce screen time to connect with my friends. I think this would also enhance my sleep,sleep,-1.0107,-0.5596,0.4511,yes,1,1,no,REDIRECTIVE
t0016@sreflect,3.0,2024-02-27,"Reflecting on your mobile data, you've embraced more in-person chats. What's an enriching conversation you've had recently?","I talked a lot about fat biking today,  which was fun to discuss",digital_habits,-0.2208,-0.3987,-0.178,yes,5,3,no,REFLECTIVE
t0016@sreflect,4.0,2024-03-03,"In light of the vibrant in-person conversations you've had, how has this shift in socializing enhanced your feeling of connectedness?",seeing friends from 30 years ago truly makes me feel like myself more than anything else in the world.,social_interaction,0.4138,-0.0174,-0.4312,no,16,1,no,REFLECTIVE
t0017@sreflect,2.0,2024-02-20,"Reflecting on the upward trend in your social interactions, how have these conversations and meet-ups enriched your day?","Some conversations with my lab mates and family have been helpful and nicely distracting from my own problems. However, some conversations have left me with a very difficult decision regarding financial matters. I need to consult a few more people before I make a decision.",social_interaction,0.0,0.0,0.0,no,16,0,yes,REFLECTIVE
t0017@sreflect,2.0,2024-02-22,"While your phone has become more of a bystander, you've been navigating the world differently. What changes have sparked the increased real-world adventures you're on?",The only adventure I'm on right now is navigating the advance transit system from Lebanon to West Lebanon. And this is due to my car being damaged in an accident. I've been travelling up and down to get it checked out in different garages and try to diagnose what the problem is.,digital_habits,-0.1124,0.0535,0.1659,no,5,2,no,REFLECTIVE
t0017@sreflect,2.0,2024-02-23,Your brisk decrease in walk time is balanced by more in-person chats. How are these conversations enriching your day?,They are okay I suppose. I need to start doing more physical activities though. The in-person conversations are better than the online ones and they are my preferred method of communication. It's been more of that today because I was at home instead of College.,physical_fitness,-0.2481,-0.359,-0.1108,no,5,0,no,REFLECTIVE
t0017@sreflect,2.0,2024-02-25,"While your social interactions are blossoming, how could tweaking your digital habits enhance your physical and mental well-being next week?","I think my digital habits and screen time have increased significantly in the past 10 days. I often find myself scrolling Instagram to distract myself from worrying or getting anxious by constantly thinking about something. In the next week, I want to reduce this. I want to put my time to more productive use like taking a walk or working out.",social_interaction,-0.1145,-0.0218,0.0926,yes,16,6,no,REDIRECTIVE
t0017@sreflect,3.0,2024-02-27,"Noticing less time on your phone lately, how could this new space impact your sleep and physical activity positively?",I've been working in person since yesterday so that's probably why I wasn't on my phone as much. It's been really busy with end of the term right around the corner. It's not having a positive impact on sleep or physical activity. It has been pretty hectic.,digital_habits,-0.384,-0.878,-0.494,yes,5,4,no,REDIRECTIVE
t0017@sreflect,3.0,2024-02-28,"With your screen time on the decline, have you found alternative activities that boost your mood or creativity?","In my opinion, I have not been exploring more places. But if I was, I would love to take pictures of wherever I went to commemorate those memories. Maybe even share them on social media.",digital_habits,-0.4095,-0.8013,-0.3919,yes,5,4,no,REFLECTIVE
t0017@sreflect,3.0,2024-03-01,You've managed to swap screen time with something else. Reflect on how this change has influenced your daily routine and feelings.,"My screen time has reduced, but it was really because I was incredibly busy with meetings and research work. Currently, most of my work is computational and most meetings are on Zoom, because I'm working with collaborators from other institutions. So, overall my screen time has increased but my phone usage has declined.",digital_habits,-0.7728,-0.587,0.1858,no,5,1,no,REFLECTIVE
t0017@sreflect,3.0,2024-03-01,It seems your in-person socializing is thriving! How do these face-to-face interactions enrich your day?,"My screen time has reduced, but it was really because I was incredibly busy with meetings and research work. Currently, most of my work is computational and most meetings are on Zoom, because I'm working with collaborators from other institutions. So, overall my screen time has increased but my phone usage has declined.",social_interaction,-0.1702,-0.2471,-0.0769,no,16,5,no,REFLECTIVE
t0017@sreflect,4.0,2024-03-04,You've upped your walking game lately! How's it tying in with your goals and easing your mood?,"I'm trying to be more active and have a balanced fitness regime for a while now. But research work always takes up more time than anticipated and it becomes difficult to keep the physical activity. I'm glad that I have atleast increased walking a little but, makes me feel closer my goals and helps me clear my mind.",physical_fitness,-0.2558,-0.1792,0.0766,yes,5,1,no,REFLECTIVE
t0017@sreflect,4.0,2024-03-04,Your walks seem to be stretching farther and making your day vibrant. How do you feel they're impacting your focus on digital habits?,"I'm trying to be more active and have a balanced fitness regime for a while now. But research work always takes up more time than anticipated and it becomes difficult to keep the physical activity. I'm glad that I have atleast increased walking a little but, makes me feel closer my goals and helps me clear my mind.",physical_fitness,-0.2558,-0.1792,0.0766,yes,5,1,no,REFLECTIVE
t0017@sreflect,4.0,2024-03-06,"Seeing more spots in town, you seem to be embracing adventure. How might exploring new places be shaping your screen habits?","Hmm... I haven't explored any new places. I went to Life Sciences Center yesterday, which is closest to a new place I can think of. My screen habits are consistently high right now, as I am trying to wrap up analysis and complete writing a paper.",digital_habits,-0.4569,-0.1325,0.3244,no,5,0,no,REFLECTIVE
t0017@sreflect,4.0,2024-03-10,Your walking duration has spiked. Could you share how this shift made an impact on your day-to-day life?,I want to focus on getting in shape. I've been dedicating whatever little time I have to doing some walking. My legs are hurting a little but apart from that my day to day life is going pretty well.,physical_fitness,-0.175,-0.1415,0.0335,yes,5,1,no,REFLECTIVE
t0017@sreflect,5.0,2024-03-13,"Noticing significant shifts in your fitness routine, how do you plan to incorporate movement into your day tomorrow?","I'm going to college and work in the lab tomorrow, which requires a lot of standing and walking. Hopefully, that will bring back some balance.",physical_fitness,-0.0492,-0.2821,-0.2329,no,5,0,no,REDIRECTIVE
t0018@sreflect,1.0,2024-02-12,Your recent patterns hint at less phone and in-person interaction. Can you share how this might be influencing your sleep and social life?,"My sleep has been better but I have also interacted in person more than usual, as opposed to digital interaction. However,  less screen time has made me less likely to reach out to family and friends abroad.",digital_habits,0.0,0.0,0.0,no,5,0,yes,REFLECTIVE
t0018@sreflect,1.0,2024-02-13,Noticed you've been exploring more places lately. How does this change in scenery reflect in your daily routine and energy levels?,I think it helps to be in different spaces because that makes me feel more connected to campus and be more present instead of being insular in one location/in my head. Being different places reflects my energy because the more energy I have the greater ability I have to leave my room/blanket cocoon.,physical_fitness,-0.3628,-0.2198,0.143,yes,5,1,no,REFLECTIVE
t0018@sreflect,1.0,2024-02-14,"Your waking moments have shifted; what can you tweak tonight for a cozier, earlier slumber?","I can probably stop studying earlier tonight than I did last night, as I had to stay up late to finish some work. Tonight, I was able to frontload my work while on shift, which means I have less to do once my meeting ends. Finally, I can try not to spend as much time aimlessly scrolling on my phone while in bed, and try to implement a technological detox earlier.",sleep,1.646,-0.3591,-2.005,no,1,0,no,REDIRECTIVE
t0018@sreflect,1.0,2024-02-15,"As your social interactions seem less frequent, how might reconnecting with friends positively impact your day?",I think spending more time with my friends boosts my mood and makes me feel less depressed and locked into my head. Watching a movie tonight with several of my friends helped boost my mood tonight and give me the motivation to finish my work.,social_interaction,0.0032,-0.0716,-0.0749,no,16,3,no,REDIRECTIVE
t0018@sreflect,1.0,2024-02-17,"Noticing you're unlocking your phone more often, how might setting specific times for checking it enhance your focus and relaxation today?","Less screen time makes you more grounded in the moment. However because I was traveling by bus yesterday I was spent more time on my phone, checking apps and communicating with my parents.",digital_habits,0.4722,0.4717,-0.0006,yes,5,2,no,REDIRECTIVE
t0018@sreflect,2.0,2024-02-19,"Your social call duration dropped last week. Who did you catch up with less, and what might recharge those connections?","I think I spent less time calling my parents. But that is because I was able to see them in person this weekend, which is very rare, and boosted my social battery. As such, in this case I do not believe I need to recharge this connection. in fact I improved upon this familial connection as in person interaction was able to supplant digital interactions. It is however possible I reached out to my extended family (sister and grandmother less) as I had a busier work week. Hence, I should call them.",social_interaction,-0.0716,0.3908,0.4624,yes,16,9,no,REFLECTIVE
t0018@sreflect,2.0,2024-02-19,Noticed your time at dorm has spiked. How might you make your space more supportive of your wellness and sleep priorities?,"I think I spent less time calling my parents. But that is because I was able to see them in person this weekend, which is very rare, and boosted my social battery. As such, in this case I do not believe I need to recharge this connection. in fact I improved upon this familial connection as in person interaction was able to supplant digital interactions. It is however possible I reached out to my extended family (sister and grandmother less) as I had a busier work week. Hence, I should call them.",sleep,-0.6347,-0.5596,0.0752,yes,1,1,no,REDIRECTIVE
t0018@sreflect,2.0,2024-02-20,"Your texts are up, but in-person chats and visits to new places are down. Got thoughts on balancing digital and real-world socializing?",I have been a little down recently and as such have spent less phone time calling people. But visiting new places has helped me get out of my head a bit.,social_interaction,-0.2165,0.4617,0.6783,yes,16,9,no,REFLECTIVE
t0018@sreflect,2.0,2024-02-22,You're walking more lately. Can you share how this movement aligns with your mood and rest goals?,"Moving more, lets me spend less time in my head and more in the present moment. This is beneficial for both my physical and mental health. I am happy to see I am able to maintain a level of baseline physical activity despite being more busy with the end of term.",physical_fitness,-0.0053,-0.1576,-0.1522,no,5,0,no,REFLECTIVE
t0018@sreflect,2.0,2024-02-22,"Despite more time at the dorm, your outings have spiked recently. How have these places influenced your mood or study habits?","Moving more, lets me spend less time in my head and more in the present moment. This is beneficial for both my physical and mental health. I am happy to see I am able to maintain a level of baseline physical activity despite being more busy with the end of term.",sleep,-0.4342,-0.9104,-0.4762,no,1,0,no,REFLECTIVE
t0018@sreflect,3.0,2024-02-26,"Considering your sleep pattern is changing, what evening routine might help prep for a more restful night?",I think I just need to sleep more consistently and my pattern will go back to normal soon after finals. As such I will focus on sleeping at a more consistent time and wake up at better hours.,sleep,-0.9104,-0.1585,0.7519,yes,1,1,no,REDIRECTIVE
t0018@sreflect,3.0,2024-02-27,"Your sleep patterns have been shifting. Could a new night ritual be the cause, and how does it reflect in your daytime energy?","A nightly ritual is not the cause of my sleep patern, being overworked and not having enough hours in the day is. I am very tired during the day as a result and have taken to drinking more caffeine. I would prefer not to but I see this as temporary measure to tide me over before the end of the term. Once that is over I hope to get back to regular sleep scehdule and back to the norm of caffeine non-consumumption. On a positive note I have been eating better recently.",sleep,-0.8854,-0.3089,0.5764,yes,1,1,no,REFLECTIVE
t0018@sreflect,3.0,2024-02-29,Notice how your in-person interactions are flourishing? What's one conversation that stood out to you and why?,"Today a conversation with my professor assuring me I will not fail my class stood out to me because he was nicer about it than expect and also that had been a constant source of stress for me, so I was very pleased to have that burden lifted off my shoulders. Additionally I have been picking up more shifts at work so it is possible I have interacted with more people there.",social_interaction,0.3918,0.4591,0.0673,yes,16,9,no,REFLECTIVE
t0018@sreflect,3.0,2024-03-01,It looks like you're spending more time at the dorm lately. How does staying in influence your social and study routines?,"Staying inside has been great for recharging both my personal and social battery because I have not had as much time recently. As such if I am staying in my dorm I am less likely to be busy and being in my dorm grants me the ability to catch up on sleep, which I sorely need.",social_interaction,0.3586,0.609,0.2504,yes,16,8,no,REFLECTIVE
t0019@sreflect,1.0,2024-02-14,You seem to be connecting less on calls but getting more restful nights. How does this change affect your physical fitness goals?,science is frustrating and I feel emotionally odd but that might be from coming down from anxiety or not sleeping enough,digital_habits,0.0,0.0,0.0,no,5,0,yes,REFLECTIVE
t0019@sreflect,1.0,2024-02-15,You seem to be connecting less on calls but getting more restful nights. How does this change affect your physical fitness goals?,I think the sleep is good for me but I worry that I'm oversleeping and losing time that I could be using for workouts. I also worry about what other health issues could be leading to this.,digital_habits,-0.556,0.8618,1.4178,no,5,0,no,REFLECTIVE
t0019@sreflect,1.0,2024-02-15,Your increased walking aligns with your fitness focus. How does moving more contribute to your day's best moments?,I think the sleep is good for me but I worry that I'm oversleeping and losing time that I could be using for workouts. I also worry about what other health issues could be leading to this.,physical_fitness,-0.2347,0.3654,0.6001,yes,5,3,no,REFLECTIVE
t0019@sreflect,1.0,2024-02-16,You're more active in texting lately. What's one conversation that stood out and why?,I'm trying to plan a trip to Iceland with one of my friends and suggested we both check our passports. it's good we did because hers expires soon. very excited for this trip!,social_interaction,-0.0339,0.3167,0.3506,yes,16,8,no,REFLECTIVE
t0019@sreflect,1.0,2024-02-18,You've been less active physically this past week. What's a new activity you're planning to try to move more?,"I read a lot about CAR T cells this week. I don't think it'll necessarily be useful for the things I'm working on right now, but I'm glad I'm interested in something science related again. it's also good that I'm able to understand the papers, shows that I've learned something over these past few years.",physical_fitness,0.1558,0.8067,0.6508,yes,5,2,no,REDIRECTIVE
t0019@sreflect,1.0,2024-02-19,Noticed you've been running more lately. How's it boosting your energy levels?,"I feel better today, more balanced overall. it made the last hour of my day drag less too. hoping it translates to falling asleep fast tonight.",physical_fitness,0.3654,0.6486,0.2831,yes,5,2,no,REFLECTIVE
t0019@sreflect,1.0,2024-02-20,You're reaching out less via calls but more in person and through texts. What benefits have you noticed with this shift in how you communicate?,"i think it's just best if I keep talking to people. it feels like I've had more in person interactions this week, which is good.",digital_habits,0.8745,1.166,0.2914,no,5,1,no,REFLECTIVE
t0019@sreflect,2.0,2024-02-22,"Noticing a shift to more screen time, how has this impacted your daily routine?","I've been doing a little bit less bench work in the lab and more computer work, which ends up leading to more scrolling. I should put my phone somewhere else when I'm on my computer. but as I get back to more bench work I think things will switch back.",digital_habits,1.1995,0.8671,-0.3323,yes,5,3,no,REFLECTIVE
t0019@sreflect,2.0,2024-02-23,"As your running duration has amped up, imagine the impact this could have on sleep habits. How could you link the two?","I think the running leads to better quality sleep, ie falling asleep faster.",sleep,0.2926,0.8941,0.6015,yes,1,1,no,REDIRECTIVE
t0019@sreflect,2.0,2024-02-25,You're connecting more via SMS but less in person. Consider how this shift is influencing your social well-being.,"I really enjoyed my quiet weekend. I like seeing my friends, but it's good to have some time alone. I got a lot of chores done, including my taxes, which felt really good. this week will be hectic so I gotta soak it in now.",social_interaction,0.1653,0.271,0.1058,yes,16,3,no,REFLECTIVE
t0019@sreflect,2.0,2024-02-27,Your recent steps have increased alongside exploring new places. How does this tie into your fitness goals and daily energy?,"today I drove down to Boston for a concert. didn't have time to work out, which is a bummer but I did walk a few miles to get to a ramen place. fitness goals still need some work, just gotta take it one day at a time.",physical_fitness,-0.0209,0.8581,0.879,yes,5,2,no,REFLECTIVE
t0019@sreflect,3.0,2024-02-28,"With your physical fitness on the rise, how could your evolving digital habits better compliment this trend?",I think less phone time is the best option. maybe if I listen to music while running outside that'll motivate me,physical_fitness,0.025,0.6002,0.5753,yes,5,2,no,REDIRECTIVE
t0019@sreflect,3.0,2024-02-29,You've been choosing different settings for in-person chats lately. How does this align with your network-building and communication?,"I hit some different places on campus today, no where I feel like I need to go back to though. I think I'm doing ok with communication but I'm getting tired of meetings every week. very ready to no longer be student council president",social_interaction,0.271,-0.1322,-0.4032,no,16,3,no,REFLECTIVE
t0019@sreflect,3.0,2024-03-01,You're connecting more in person lately. How are those interactions shaping your social wellness?,I think it's going decently. it's nice to be around people more. I'm worried about the next few weeks when there's less people around but I'll figure it out.,social_interaction,0.2752,-0.071,-0.3461,no,16,3,no,REFLECTIVE
t0019@sreflect,3.0,2024-03-03,Notice how your in-person interactions are on the rise while your phone communications are tapering off. Reflect on how this shift is influencing your daily routine and fitness efforts.,"how much I'm talking to people seems to be pretty dependent on what day of the week it is. weekends are a lot quieter than weekdays, but I have more time to go outside and qorkout",digital_habits,1.0466,0.9697,-0.0769,yes,5,3,no,REFLECTIVE
t0019@sreflect,3.0,2024-03-04,Your walking time has gone up! How did this affect your mood and energy levels today?,"it went up partially because I did some bench work today, so I was on my feet and all that. we also got in an evening dog walk. saw a couple of beavers on the trail, which was neat. I guess I felt better overall after the walk.",physical_fitness,0.3367,0.3708,0.0341,yes,5,3,no,REFLECTIVE
t0019@sreflect,3.0,2024-03-05,"With your running duration up, how do you plan to include it regularly for stress relief during this crunch time?",I think it just need to include it no matter how busy I get. overall it's a good thing.,physical_fitness,0.0905,-0.0368,-0.1273,no,5,1,no,REDIRECTIVE
t0019@sreflect,4.0,2024-03-06,"It seems your digital habits are changing. What's one book or offline activity you've wanted to try, and how could it fit into tomorrow?","yeah I think I've been on my phone more lately. work has kinda slowed down, which leads to free time. I do have a crochet project in my backpack I could be working on, that would be good to do when I'm bored and need a break, instead of scrolling",digital_habits,0.9658,0.7939,-0.1719,yes,5,4,no,REDIRECTIVE
t0019@sreflect,4.0,2024-03-10,Your social interactions have lessened. What changes could you make this week to reconnect with friends or peers?,"today I was stuck at home, cause the power was out and I was snowed in. I think this will be a rough week for socializing at work, because a lot of my coworkers are gone. but I could try to have lunch with peop",social_interaction,0.1841,0.212,0.0278,yes,16,2,no,REDIRECTIVE
t0019@sreflect,4.0,2024-03-11,Noticing a trend in screen time going up - what's one book you've been wanting to read but haven't started yet?,"I've got one on the coffee table I'm thinking about, but I'm due for a trip to the library to get something. not the sequel to what I just finished, I didn't like that book very much.",digital_habits,0.697,1.1175,0.4205,no,5,0,no,REDIRECTIVE
t0019@sreflect,4.0,2024-03-12,"With your focus on physical fitness, how can you adapt your routine to include more walks or active breaks this week?",it's warming up during the day so I could do midday walks again. morning dog walks are also possible,physical_fitness,0.42,0.1393,-0.2807,no,5,2,no,REDIRECTIVE
t0019@sreflect,5.0,2024-03-13,Your texts are up but calls and in-person chats are down. How might connecting differently impact your mood or stress?,"I think I'm generally gonna be in a better mood if I can talk to people in person. however there's people I can't talk to in person cause they're too far away, but they're some of my favorite people and I value hearing from them. I think not just the modality but also the person impacts my mood differently",social_interaction,0.1587,0.0735,-0.0852,no,16,1,no,REDIRECTIVE
t0020@sreflect,1.0,2024-02-14,"Notice your phone chats are less frequent lately. If you reached out to someone today, how did that interaction contribute to your positive mood?",I loved talking to brother on the phone because we understand each other and he showed an interest in my day.,social_interaction,0.0,0.0,0.0,no,16,0,yes,REFLECTIVE
t0020@sreflect,1.0,2024-02-15,You've had more real-life chats but less screen time recently. What's one conversation that stood out and why?,I had a great time working together with members of an organization I'm a part of and getting to know them,social_interaction,0.3694,0.1217,-0.2477,no,16,6,no,REFLECTIVE
t0020@sreflect,1.0,2024-02-18,You've been clocking less screen time lately. What have you been doing instead that you've found rewarding or enjoyable?,"I've been studying in the library, checking off assignments, and choosing to use my laptop to clock in screen time because of the larger screen.",digital_habits,-0.8657,-0.819,0.0467,no,5,2,no,REFLECTIVE
t0020@sreflect,1.0,2024-02-19,"Your SMS activity is up, suggesting more remote connections. How do those conversations support your sense of community during a quiet academic term?",It reminds me that I have friends that I can engage with remotely and that there are people who are physically distant from me that are relying on me.,social_interaction,0.1217,0.1962,0.0745,yes,16,7,no,REFLECTIVE
t0020@sreflect,2.0,2024-02-21,Walking more lately—any favorite routes or thoughts collected during these walks?,"No, on walks, I like to clear my head or if there is a lot going on in my life at the time, I pray.",physical_fitness,0.2095,-0.1174,-0.327,no,5,1,no,REFLECTIVE
t0020@sreflect,2.0,2024-02-22,Notice any difference in your day when you reduce screen time and unlock your phone more?,"When I reduce screen time, that usually means that I'm doing other productive things and am probably more busy.",digital_habits,-0.819,-0.8051,0.014,no,5,3,no,REFLECTIVE
t0020@sreflect,2.0,2024-02-26,"Your interactions have dipped recently. Can you think of one person you've wanted to reconnect with, and how might you reach out to them this week?","I think I might reach out through text to grab a meal, but since she's really busy this term, it might be hard to schedule a time as seen in the past.",social_interaction,0.0659,0.1171,0.0512,yes,16,5,no,REDIRECTIVE
t0020@sreflect,2.0,2024-02-27,You've been opting for text over talks lately. How did a recent SMS conversation add value to your day?,"I wouldn't say that any of my SMS conversations added value to my day, but rather were things I needed to check off of a to do list",digital_habits,-0.8082,-0.8698,-0.0615,yes,5,3,no,REFLECTIVE
t0020@sreflect,3.0,2024-02-28,"Given your increased time spent resting, what’s one dream that made an impression on you recently?","I had a dream that my brother was acting like a child which reflects how I see him; I'm the eldest child and he is a teenager, but I still see him as a little boy",sleep,0.2425,0.3176,0.0752,yes,1,1,no,REFLECTIVE
t0020@sreflect,3.0,2024-02-29,You're socializing more in person these days! How has a recent face-to-face chat positively impacted you?,"I work as a classroom aide at a daycare and one of the children started singing the song ""Rosanna"" by Toto which he learned from his dad. it was the cutest thing ever and I was glad to see that little kids are getting exposed to the hits from the 80s",social_interaction,-0.0114,0.3167,0.3281,yes,16,10,no,REFLECTIVE
t0020@sreflect,3.0,2024-03-01,"Reflecting on recent shifts in your digital engagement, how are changes in your app usage affecting your daily routine or focus?","I go on apps when I want to take a break in between working or when I'm eating or at the end of the day. It's currently finals season, so I might be using apps less.",digital_habits,-0.9319,-0.8166,0.1153,no,5,1,no,REFLECTIVE
t0020@sreflect,3.0,2024-03-03,Your running routine has really taken off! How's that influencing your day?,I don't run; is it the jostling of my phone in my pocket or the back and forth movement of it in my hand when I'm walking that causes the app to think that I'm running?,physical_fitness,0.0752,0.5462,0.471,yes,5,2,no,REFLECTIVE
t0020@sreflect,3.0,2024-03-04,"With your phone interactions declining, what new routines have filled the space?","It's finals season, so I've been working on papers and studying for upcoming finals.",digital_habits,-0.6942,-0.8835,-0.1893,yes,5,3,no,REFLECTIVE
t0020@sreflect,3.0,2024-03-05,"With less time at the gym and running taking center stage, how will you adapt your fitness routine moving forward?","I have not been running!! However, I've been working out just enough so I don't feel sore the next day.",physical_fitness,-0.0384,0.4886,0.527,yes,5,3,no,REFLECTIVE
t0020@sreflect,4.0,2024-03-06,"With less time at the gym and running taking center stage, how will you adapt your fitness routine moving forward?",I just went to the gym today lol and I ran on the treadmill. I'm trying to maintain a consistent workout routine and am finding my groove at the gym.,physical_fitness,0.211,0.0202,-0.1908,no,5,0,no,REFLECTIVE
t0020@sreflect,4.0,2024-03-07,"With less time at the gym and running taking center stage, how will you adapt your fitness routine moving forward?",I've gotten this question like three days in a row now. I'm spending around the same time I usually do at the gym.,physical_fitness,0.5462,-0.1056,-0.6517,no,5,0,no,REFLECTIVE
t0020@sreflect,4.0,2024-03-09,"With less time at the gym and running taking center stage, how will you adapt your fitness routine moving forward?","I have not been running lately, something is wrong with this app.",physical_fitness,0.4886,-0.1541,-0.6427,no,5,1,no,REFLECTIVE
t0020@sreflect,4.0,2024-03-10,"Noticing an uptick in your running, how has this affected your energy levels or time management over the past week?","I have not been running, but I do feel better after making the time to get a good workout in.",physical_fitness,0.0202,0.2207,0.2005,yes,5,3,no,REFLECTIVE
t0020@sreflect,4.0,2024-03-11,Reflect on how upping your sleep has influenced your daily routine recently.,"I've woken up later than I would like, but since I've been going to sleep late, it makes sense. This causes my whole morning routine to get pushed back by an hour or two, which is not  productive.",sleep,-0.6849,-0.1836,0.5013,yes,1,1,no,REFLECTIVE
t0020@sreflect,4.0,2024-03-12,Your mobile data indicates a shift towards more in-person chats. What's a memorable conversation you've had recently and what made it notable?,I think getting to know the people in a group I'm a part of during the break.,digital_habits,-0.7231,-0.9769,-0.2538,yes,5,3,no,REFLECTIVE
t0020@sreflect,5.0,2024-03-13,Your mobile data indicates a shift towards more in-person chats. What's a memorable conversation you've had recently and what made it notable?,I've been getting to know the people in this group I'm in over spring break and just having random conversations as we do things together.,digital_habits,-0.8035,-0.8365,-0.033,yes,5,2,no,REFLECTIVE
t0022@sreflect,1.0,2024-02-16,"You're texting more these days! Who have you reconnected with, and how has that affected your day?","Feeling a little overwhelmed when it comes to work, but was very productive today so that's a plus! just trying to get through the rest of the term.",social_interaction,-0.1983,0.24,0.4384,yes,16,7,no,REFLECTIVE
t0022@sreflect,1.0,2024-02-20,You've visited new places but spent more time in the dorm. How has this shift in environment influenced your daily routine?,I had to spend more time in my dorm room today. Emotionally it was really tough. I was glad to have a space that I could go back to to be alone for a while,physical_fitness,0.5892,-0.1608,-0.75,no,5,2,no,REFLECTIVE
t0022@sreflect,1.0,2024-02-21,"Your walks are up, but distances traveled have plunged. Could you map out how your walks are fostering your well-being amidst the academic hustle?","I use my walks as an opportunity to meditate. Feeling the weight of my foot hitting the ground, the rustle of my hand on the inside of my pocket, the cool air entering my lungs. It's not easy to do, and I often get distracted, but it serves as an important reset for me during the day.",physical_fitness,-0.2127,-0.1713,0.0414,yes,5,2,no,REFLECTIVE
t0022@sreflect,2.0,2024-02-22,Your increased face-to-face chats and locations visited suggest new social dynamics. How are these changes enriching your day-to-day life?,"To be honest, I'm not sure I see changes in how I'm interacting socially. This, I feel, is the normal amount of social interactions I have. It does make me wonder, however, why I continue to feel lonely sometimes even when I'm still, on paper, having many social interactions.",social_interaction,0.0973,-0.1005,-0.1977,no,16,3,no,REFLECTIVE
t0022@sreflect,2.0,2024-02-23,Your texting has spiked but phone calls dwindled. How are written words shaping your friendships compared to spoken ones lately?,"I suppose I'm using texts more to coordinate with people on the projects that I'm working on. Texting relieves the pressure that can sometimes come with a phone call, and allows me to think more about my replies.",social_interaction,0.0765,-0.0239,-0.1005,no,16,6,no,REFLECTIVE
t0022@sreflect,2.0,2024-02-25,You've been visiting more places recently. How have these outings impacted your stress levels and sense of connection?,"Stress levels are definitely higher, but that's not necessarily due to me visiting more places. I do feel more connected in the sense that I'm interacting with more people though.",social_interaction,-0.0065,-0.0712,-0.0648,no,16,7,no,REFLECTIVE
t0022@sreflect,2.0,2024-02-26,"Your screen interactions have remained stable, but sleep has shifted. Could altering bedtime routines improve your rest?","I try to keep my sleep routine consistent, so I don't think changing it as this point would serve any benefit. Sometimes my schedule demands that I go to bed a little bit earlier or later",sleep,-0.1585,0.0921,0.2506,yes,1,1,no,REDIRECTIVE
t0022@sreflect,2.0,2024-02-27,Has connecting more through digital means than in-person conversations changed your outlook or comfort levels recently?,"I don't think so, to be honest. There hasn't been much of a long term shift, and so I wouldn't expect to see a change in outlook or comfort levels as a result quite yet.",social_interaction,-0.0239,0.1478,0.1718,yes,16,11,no,REFLECTIVE
t0022@sreflect,2.0,2024-02-28,"Noticing less phone calls but more locations and in-person chats, how might exploring new places be shaping your social connections?","When I'm out of my room more, I'm typically socializing more, which means that my connection level tends to go up. At the same time, when I'm out in public more, I also noticed that my anxiety levels tend to go up, which sometimes impedes my ability to connect with others. There's a balance that needs to be established.",social_interaction,-0.0759,0.0888,0.1647,yes,16,8,no,REFLECTIVE
t0022@sreflect,3.0,2024-02-29,"Spending less time at the dorm, you're out and about more. How does varying your environment influence your daily routine and relations with others?","It definitely makes me feel more accomplished at the end of the day, but it can be draining in its own way. Hasn't had much impact on my routine or relations with others yet thoufh",social_interaction,-0.0712,-0.0434,0.0278,yes,16,5,no,REFLECTIVE
t0022@sreflect,3.0,2024-03-01,Reflect on your increased screen time. How might balancing it better support your physical fitness goals?,"It's a bit hard to manage my screen time right now. I'm more stressed because of work, which means I'm more susceptible to bad habits. I don't find that it's majorly impacted my fitness goals, however, as I'm still exercising frequently",physical_fitness,0.1005,0.0153,-0.0852,no,5,0,no,REDIRECTIVE
t0022@sreflect,3.0,2024-03-03,Noticed you're getting more incoming texts while outgoing calls dropped. Any recent changes causing this switch in communication style?,"Not really, there are just natural fluctuations between how many calls I receive and texts that I get. I can't clearly distinguish any particular change unfortunately.",digital_habits,-0.3639,-0.4291,-0.0652,yes,5,1,no,REFLECTIVE
t0022@sreflect,3.0,2024-03-04,Your walking is up: could it be your new go-to for thinking? Share your walk insights.,"I actually have a specific practice I follow when walking from place to place: mindful focusing on my breath and surroundings. I try and center my focus on sensory inputs: how my feet feel on the inside of my shoes, what the air feels like being inhaled through my nose and exhaled through my mouth, etc. Whenever my thoughts drift, I take a breath and recenter myself. It helps give me a reset in between my responsibilities.",physical_fitness,0.0087,-0.0651,-0.0738,no,5,2,no,REFLECTIVE
t0022@sreflect,3.0,2024-03-05,"With your outgoing calls on the rise, how are these longer conversations influencing your day?","One of the calls was with my mom, and it was really nice to get her perspective on a couple of tough decisions I've had to make today. You can't explain the full extent of a situation as well over text, so getting the opportunity to talk live was much needed!",digital_habits,-0.405,-0.4677,-0.0627,yes,5,2,no,REFLECTIVE
t0022@sreflect,3.0,2024-03-06,"Noticing less time on calls, texts, and seeing fewer places, how about a new hobby or project to explore alone or share?","Nothing at the moment, really just hunkering down and focusing on finals. Only a few days left and I'll have the work behind me",social_interaction,0.0775,-0.2624,-0.3399,no,16,3,no,REDIRECTIVE
t0022@sreflect,4.0,2024-03-07,"Your walks seem to have increased; what's sparked this change, and how do you feel during them?","Nothing in particular caused the change, I just had to walk a bit more to fulfill the tasks I had on my schedule today. Since I've been meditating while walking, they serve as a nice reset. Today, however, because I had a final exam coming up for one of my classes, it was much harder to focus.",physical_fitness,-0.0659,0.284,0.3498,yes,5,2,no,REFLECTIVE
t0022@sreflect,4.0,2024-03-08,"With less time on social apps and more solo walks, what's one positive insight you've gained from this change?",Sometimes a good walk is all you need to clear your head!,digital_habits,-0.5452,-0.3488,0.1964,no,5,1,no,REFLECTIVE
t0022@sreflect,4.0,2024-03-10,Your running duration is up while gym time slid down. What led to this shift and how does the change resonate with you?,"Unfortunately, the prompt isn't accurate here. I'm on a ski trip with friends, so I was skiing the whole day!",physical_fitness,-0.1693,0.7333,0.9026,yes,5,2,no,REFLECTIVE
t0022@sreflect,4.0,2024-03-11,You've been choosing more in-person conversations lately. How is this improving your day-to-day interactions?,"Not much of a choice! I'm away on a ski trip, so I'm checking my phone a lot less in general. It's great to spend good time with friends though!",social_interaction,-0.3072,-0.0905,0.2167,yes,16,5,no,REFLECTIVE
t0022@sreflect,4.0,2024-03-13,You're dialing up in-person chats but scaling back on digital messages. How's this reshaping your social vibe?,"It feels nice, chatting more in person than over text. It's forcing me out of my head more often, which helps me to feel better emotionally.",digital_habits,-0.3688,-0.3016,0.0672,no,5,1,no,REFLECTIVE
